"Loss of Employment Income, Household Pulse Survey",...2,...3,...4,...5,...6,...7,...8
"Adults in households where someone had a loss in employment income since March 13, 2020",NA,NA,NA,NA,NA,NA,NA
NA,NA,Total Loss of Employment Income,NA,Percent Loss of Employment Income,NA,NA,NA
Area,Week,Number,Margin of Error +/-,Percent,Percent Margin of Error +/-,Measure Universe,Total Population age 18+
United States,"1 - April 23-May 5, 2020",116428453,1483172,47,0.6,247758207,"249,170,916"
-> States,NA,NA,NA,NA,NA,NA,--
Alabama,"1 - April 23-May 5, 2020",1594821,127827,43,3.5,3707927,"3,717,378"
Alaska,"1 - April 23-May 5, 2020",214429,14335,41,2.7,523185,"524,925"
Arizona,"1 - April 23-May 5, 2020",2339734,197089,42.2,3.5,5545026,"5,597,268"
Arkansas,"1 - April 23-May 5, 2020",859752,109557,38.4,4.9,2236490,"2,246,527"
California,"1 - April 23-May 5, 2020",15956140,610123,53.6,2.1,29791277,"29,939,021"
Colorado,"1 - April 23-May 5, 2020",1986916,134956,44.8,3,4433831,"4,454,718"
Connecticut,"1 - April 23-May 5, 2020",1287224,106390,47.3,3.9,2722064,"2,732,423"
Delaware,"1 - April 23-May 5, 2020",338385,25724,45,3.5,751616,"754,637"
District of Columbia,"1 - April 23-May 5, 2020",206556,18208,38.1,3.4,541919,"542,635"
Florida,"1 - April 23-May 5, 2020",8403866,485091,49.3,2.8,17061148,"17,085,385"
Georgia,"1 - April 23-May 5, 2020",3905288,228357,49.4,2.9,7904079,"7,955,983"
Hawaii,"1 - April 23-May 5, 2020",587427,43407,55.1,4.1,1066831,"1,073,229"
Idaho,"1 - April 23-May 5, 2020",492928,41256,36.9,3.1,1334341,"1,343,198"
Illinois,"1 - April 23-May 5, 2020",4171904,364047,43.9,3.8,9496614,"9,546,424"
Indiana,"1 - April 23-May 5, 2020",2347088,161928,47.1,3.2,4983071,"5,015,550"
Iowa,"1 - April 23-May 5, 2020",823770,70288,35.2,3,2342219,"2,342,905"
Kansas,"1 - April 23-May 5, 2020",750885,75707,35.2,3.5,2135253,"2,140,957"
Kentucky,"1 - April 23-May 5, 2020",1585361,110610,47.5,3.3,3336613,"3,344,102"
Louisiana,"1 - April 23-May 5, 2020",1730458,143850,50.9,4.2,3398078,"3,431,432"
Maine,"1 - April 23-May 5, 2020",426898,32568,40.3,3.1,1060030,"1,065,620"
Maryland,"1 - April 23-May 5, 2020",2070773,115001,45.6,2.5,4544488,"4,586,920"
Massachusetts,"1 - April 23-May 5, 2020",2598870,136460,49.1,2.5,5289406,"5,324,065"
Michigan,"1 - April 23-May 5, 2020",4149565,234936,54.4,3.1,7624834,"7,644,458"
Minnesota,"1 - April 23-May 5, 2020",1678030,96055,39.8,2.2,4212153,"4,241,624"
Mississippi,"1 - April 23-May 5, 2020",989039,72603,45.2,3.3,2189294,"2,189,670"
Missouri,"1 - April 23-May 5, 2020",2023156,161046,44.1,3.5,4589677,"4,617,880"
Montana,"1 - April 23-May 5, 2020",332069,33077,40.7,4,816781,"822,204"
Nebraska,"1 - April 23-May 5, 2020",542141,50010,38.4,3.5,1412263,"1,418,191"
Nevada,"1 - April 23-May 5, 2020",1394121,80713,58.3,3.4,2392242,"2,399,457"
New Hampshire,"1 - April 23-May 5, 2020",475720,39363,44.8,3.7,1062526,"1,073,014"
New Jersey,"1 - April 23-May 5, 2020",3638322,228201,53.9,3.4,6749172,"6,776,822"
New Mexico,"1 - April 23-May 5, 2020",767557,67204,48.5,4.3,1581010,"1,589,574"
New York,"1 - April 23-May 5, 2020",7445583,438819,50.6,3,14722001,"14,847,080"
North Carolina,"1 - April 23-May 5, 2020",3382628,258447,42.3,3.2,7995556,"8,017,566"
North Dakota,"1 - April 23-May 5, 2020",214683,22589,38.9,4.1,552347,"561,016"
Ohio,"1 - April 23-May 5, 2020",3871304,273860,44.2,3.1,8766143,"8,822,539"
Oklahoma,"1 - April 23-May 5, 2020",1168649,114627,40.1,3.9,2911928,"2,916,436"
Oregon,"1 - April 23-May 5, 2020",1523728,101940,46.3,3.1,3290691,"3,302,727"
Pennsylvania,"1 - April 23-May 5, 2020",4542523,302223,46.9,3.2,9686947,"9,776,154"
Rhode Island,"1 - April 23-May 5, 2020",380279,31406,46.9,3.8,811554,"817,559"
South Carolina,"1 - April 23-May 5, 2020",1818762,143961,46,3.6,3954993,"3,969,123"
South Dakota,"1 - April 23-May 5, 2020",233742,30772,36.5,4.8,640590,"642,658"
Tennessee,"1 - April 23-May 5, 2020",2293982,193444,44,3.7,5208394,"5,221,475"
Texas,"1 - April 23-May 5, 2020",10094800,597820,47.7,2.8,21143697,"21,356,906"
Utah,"1 - April 23-May 5, 2020",907360,65865,39.9,2.9,2275747,"2,281,207"
Vermont,"1 - April 23-May 5, 2020",254553,21209,52.6,4.4,483839,"485,485"
Virginia,"1 - April 23-May 5, 2020",2410981,175423,37.6,2.7,6417490,"6,472,737"
Washington,"1 - April 23-May 5, 2020",2687150,143467,46,2.4,5845251,"5,890,357"
West Virginia,"1 - April 23-May 5, 2020",522453,56870,37.9,4.1,1378437,"1,379,576"
Wisconsin,"1 - April 23-May 5, 2020",1839669,146187,41.8,3.3,4404268,"4,438,719"
Wyoming,"1 - April 23-May 5, 2020",166436,19651,38.4,4.5,432874,"433,400"
-> Metro Areas,NA,NA,NA,NA,NA,NA,--
"Atlanta-Sandy Springs-Alpharetta, GA Metro Area","1 - April 23-May 5, 2020",2488456,228457,49.6,3.5,5017900,"5,045,522"
"Boston-Cambridge-Newton, MA-NH Metro Area","1 - April 23-May 5, 2020",1881685,141357,49.5,2.9,3803512,"3,825,300"
"Chicago-Naperville-Elgin, IL-IN-WI Metro Area","1 - April 23-May 5, 2020",3219559,309298,48.3,3.8,6660147,"6,711,809"
"Dallas-Fort Worth-Arlington, TX Metro Area","1 - April 23-May 5, 2020",3046262,381538,50.8,5.2,5995508,"6,042,623"
"Detroit-Warren-Dearborn, MI Metro Area","1 - April 23-May 5, 2020",1935355,175095,58.2,3.4,3325694,"3,334,812"
"Houston-The Woodlands-Sugar Land, TX Metro Area","1 - April 23-May 5, 2020",2708103,324559,51.3,4.1,5278998,"5,352,295"
"Los Angeles-Long Beach-Anaheim, CA Metro Area","1 - April 23-May 5, 2020",6428744,698666,58.4,4.2,10999101,"11,065,175"
"Miami-Fort Lauderdale-Pompano Beach, FL Metro Area","1 - April 23-May 5, 2020",2658259,294853,56,4.6,4750022,"4,764,380"
"New York-Newark-Jersey City, NY-NJ-PA Metro Area","1 - April 23-May 5, 2020",7422195,432141,54.8,2.9,13543410,"13,659,207"
"Philadelphia-Camden-Wilmington, PA-NJ-DE-MD Metro Area","1 - April 23-May 5, 2020",2375732,217564,50.2,3.4,4736547,"4,788,219"
"Phoenix-Mesa-Chandler, AZ Metro Area","1 - April 23-May 5, 2020",1670541,176113,43.8,4.1,3814705,"3,864,078"
"Riverside-San Bernardino-Ontario, CA Metro Area","1 - April 23-May 5, 2020",2371607,390857,52.1,4.9,4548903,"4,577,129"
"San Francisco-Oakland-Berkeley, CA Metro Area","1 - April 23-May 5, 2020",1580801,186180,46.3,3.8,3414171,"3,431,059"
"Seattle-Tacoma-Bellevue, WA Metro Area","1 - April 23-May 5, 2020",1500362,109400,47.2,2.8,3175479,"3,195,155"
"Washington-Arlington-Alexandria, DC-VA-MD-WV Metro Area","1 - April 23-May 5, 2020",2088577,134740,44.2,2.1,4727378,"4,762,361"
"Source: U.S. Census Bureau, Household Pulse Survey",NA,NA,NA,NA,NA,NA,NA
"Adults in households where someone had a loss in employment income since March 13, 2020",NA,NA,NA,NA,NA,NA,NA
NA,NA,Total Loss of Employment Income,NA,Percent Loss of Employment Income,NA,NA,NA
Area,Week,Number,Margin of Error +/-,Percent,Percent Margin of Error +/-,Measure Universe,Total Population age 18+
United States,"2 - May 7-12, 2020",117913989,2119807,47.5,0.9,248364689,"249,170,916"
-> States,NA,NA,NA,NA,NA,NA,--
Alabama,"2 - May 7-12, 2020",1648851,188225,44.4,5.1,3716162,"3,717,378"
Alaska,"2 - May 7-12, 2020",239409,24617,45.6,4.7,524547,"524,925"
Arizona,"2 - May 7-12, 2020",2383738,248282,42.7,4.4,5581483,"5,597,268"
Arkansas,"2 - May 7-12, 2020",866958,114043,39,5,2224908,"2,246,527"
California,"2 - May 7-12, 2020",16264632,939073,54.5,3.1,29853969,"29,939,021"
Colorado,"2 - May 7-12, 2020",2214259,187488,49.8,4.2,4443722,"4,454,718"
Connecticut,"2 - May 7-12, 2020",1261318,172381,46.2,6.3,2728308,"2,732,423"
Delaware,"2 - May 7-12, 2020",344999,37127,45.8,4.9,753348,"754,637"
District of Columbia,"2 - May 7-12, 2020",180436,30800,33.3,5.7,542635,"542,635"
Florida,"2 - May 7-12, 2020",7943162,670936,46.5,3.9,17068553,"17,085,385"
Georgia,"2 - May 7-12, 2020",3605689,439757,45.4,5.5,7933318,"7,955,983"
Hawaii,"2 - May 7-12, 2020",632785,59515,59.2,5.6,1069293,"1,073,229"
Idaho,"2 - May 7-12, 2020",503700,51316,37.5,3.8,1342732,"1,343,198"
Illinois,"2 - May 7-12, 2020",4369656,424127,46.3,4.5,9430139,"9,546,424"
Indiana,"2 - May 7-12, 2020",2047540,310311,41,6.2,4995707,"5,015,550"
Iowa,"2 - May 7-12, 2020",914389,119088,39.1,5.1,2337184,"2,342,905"
Kansas,"2 - May 7-12, 2020",751894,117905,35.2,5.5,2134164,"2,140,957"
Kentucky,"2 - May 7-12, 2020",1563948,180977,46.9,5.4,3337649,"3,344,102"
Louisiana,"2 - May 7-12, 2020",1908008,222053,55.7,6.5,3425152,"3,431,432"
Maine,"2 - May 7-12, 2020",472828,53657,44.4,5,1065620,"1,065,620"
Maryland,"2 - May 7-12, 2020",1852075,231458,40.8,5,4535697,"4,586,920"
Massachusetts,"2 - May 7-12, 2020",2465408,217220,46.9,3.9,5253745,"5,324,065"
Michigan,"2 - May 7-12, 2020",4215893,282219,55.2,3.7,7637334,"7,644,458"
Minnesota,"2 - May 7-12, 2020",1716789,209509,40.6,4.9,4233240,"4,241,624"
Mississippi,"2 - May 7-12, 2020",995590,132681,45.5,6.1,2187958,"2,189,670"
Missouri,"2 - May 7-12, 2020",1972213,259942,42.8,5.6,4609124,"4,617,880"
Montana,"2 - May 7-12, 2020",314065,42237,38.4,5.2,818932,"822,204"
Nebraska,"2 - May 7-12, 2020",563415,68904,39.8,4.9,1415973,"1,418,191"
Nevada,"2 - May 7-12, 2020",1336837,122119,55.8,5.1,2394496,"2,399,457"
New Hampshire,"2 - May 7-12, 2020",479252,52578,44.8,4.9,1069098,"1,073,014"
New Jersey,"2 - May 7-12, 2020",3831063,328656,56.6,4.9,6771253,"6,776,822"
New Mexico,"2 - May 7-12, 2020",670980,108952,42.4,6.9,1582908,"1,589,574"
New York,"2 - May 7-12, 2020",7832513,633225,53,4.3,14786827,"14,847,080"
North Carolina,"2 - May 7-12, 2020",3558562,389743,44.5,4.9,8003673,"8,017,566"
North Dakota,"2 - May 7-12, 2020",257984,38237,46.1,6.8,559118,"561,016"
Ohio,"2 - May 7-12, 2020",3777700,424652,42.9,4.8,8808573,"8,822,539"
Oklahoma,"2 - May 7-12, 2020",1386735,150048,47.6,5.1,2915519,"2,916,436"
Oregon,"2 - May 7-12, 2020",1707408,130680,51.7,4,3301925,"3,302,727"
Pennsylvania,"2 - May 7-12, 2020",4860890,445026,49.8,4.5,9751066,"9,776,154"
Rhode Island,"2 - May 7-12, 2020",369923,71283,45.4,8.8,815129,"817,559"
South Carolina,"2 - May 7-12, 2020",1807346,237883,45.6,6,3963141,"3,969,123"
South Dakota,"2 - May 7-12, 2020",256371,39049,39.9,6.1,642658,"642,658"
Tennessee,"2 - May 7-12, 2020",2437773,344262,47.1,6.7,5173942,"5,221,475"
Texas,"2 - May 7-12, 2020",9720355,725736,45.7,3.4,21289115,"21,356,906"
Utah,"2 - May 7-12, 2020",1005934,93274,44.4,4.1,2267425,"2,281,207"
Vermont,"2 - May 7-12, 2020",206192,32755,42.6,6.8,483961,"485,485"
Virginia,"2 - May 7-12, 2020",3082330,212504,47.7,3.3,6463974,"6,472,737"
Washington,"2 - May 7-12, 2020",2610017,232740,44.4,4,5881592,"5,890,357"
West Virginia,"2 - May 7-12, 2020",544834,78922,39.5,5.7,1379576,"1,379,576"
Wisconsin,"2 - May 7-12, 2020",1812821,226784,40.9,5.1,4428077,"4,438,719"
Wyoming,"2 - May 7-12, 2020",146523,27471,34,6.4,431047,"433,400"
-> Metro Areas,NA,NA,NA,NA,NA,NA,--
"Atlanta-Sandy Springs-Alpharetta, GA Metro Area","2 - May 7-12, 2020",2694331,365359,51.1,7.3,5267982,"5,287,525"
"Boston-Cambridge-Newton, MA-NH Metro Area","2 - May 7-12, 2020",1771444,235996,47.1,4.9,3764412,"3,768,287"
"Chicago-Naperville-Elgin, IL-IN-WI Metro Area","2 - May 7-12, 2020",3209156,440850,49.2,5.6,6524967,"6,641,251"
"Dallas-Fort Worth-Arlington, TX Metro Area","2 - May 7-12, 2020",3399788,454268,54.4,5.3,6254732,"6,256,957"
"Detroit-Warren-Dearborn, MI Metro Area","2 - May 7-12, 2020",2163764,272213,56.7,6.3,3818391,"3,822,055"
"Houston-The Woodlands-Sugar Land, TX Metro Area","2 - May 7-12, 2020",2585507,359050,50.2,5.7,5147677,"5,166,765"
"Los Angeles-Long Beach-Anaheim, CA Metro Area","2 - May 7-12, 2020",6350219,998211,57.5,6.3,11048042,"11,090,032"
"Miami-Fort Lauderdale-Pompano Beach, FL Metro Area","2 - May 7-12, 2020",2625941,448253,56.7,6.2,4630748,"4,645,644"
"New York-Newark-Jersey City, NY-NJ-PA Metro Area","2 - May 7-12, 2020",7465002,651916,56.2,4.1,13273165,"13,311,398"
"Philadelphia-Camden-Wilmington, PA-NJ-DE-MD Metro Area","2 - May 7-12, 2020",2425383,320578,55.7,4.9,4357416,"4,376,080"
"Phoenix-Mesa-Chandler, AZ Metro Area","2 - May 7-12, 2020",1607978,232503,42.1,5.1,3816274,"3,820,468"
"Riverside-San Bernardino-Ontario, CA Metro Area","2 - May 7-12, 2020",2772384,586429,62.7,7.9,4422660,"4,423,647"
"San Francisco-Oakland-Berkeley, CA Metro Area","2 - May 7-12, 2020",2025324,363233,48.5,6,4178719,"4,183,194"
"Seattle-Tacoma-Bellevue, WA Metro Area","2 - May 7-12, 2020",1415633,188218,45.7,5.2,3100920,"3,105,929"
"Washington-Arlington-Alexandria, DC-VA-MD-WV Metro Area","2 - May 7-12, 2020",1599704,194218,38,3.6,4207574,"4,235,643"
"Source: U.S. Census Bureau, Household Pulse Survey",NA,NA,NA,NA,NA,NA,NA
"Adults in households where someone had a loss in employment income since March 13, 2020",NA,NA,NA,NA,NA,NA,NA
NA,NA,Total Loss of Employment Income,NA,Percent Loss of Employment Income,NA,NA,NA
Area,Week,Number,Margin of Error +/-,Percent,Percent Margin of Error +/-,Measure Universe,Total Population age 18+
United States,"3 - May 14-19, 2020",120191111,1775632,48.5,0.7,248010801,"249,170,916"
-> States,NA,NA,NA,NA,NA,NA,--
Alabama,"3 - May 14-19, 2020",1572529,145891,42.5,3.9,3703479,"3,717,378"
Alaska,"3 - May 14-19, 2020",248535,19680,47.6,3.7,522349,"524,925"
Arizona,"3 - May 14-19, 2020",2327363,223771,41.8,4,5570296,"5,597,268"
Arkansas,"3 - May 14-19, 2020",808737,100988,36.3,4.5,2230383,"2,246,527"
California,"3 - May 14-19, 2020",16572515,577524,55.5,1.9,29851928,"29,939,021"
Colorado,"3 - May 14-19, 2020",2091688,162729,47.1,3.7,4441371,"4,454,718"
Connecticut,"3 - May 14-19, 2020",1314368,84043,48.2,3.1,2726297,"2,732,423"
Delaware,"3 - May 14-19, 2020",340706,32012,45.3,4.2,752110,"754,637"
District of Columbia,"3 - May 14-19, 2020",211264,23307,39.1,4.3,540244,"542,635"
Florida,"3 - May 14-19, 2020",8413104,487061,49.6,2.9,16975676,"17,085,385"
Georgia,"3 - May 14-19, 2020",3550035,300751,44.7,3.8,7935328,"7,955,983"
Hawaii,"3 - May 14-19, 2020",592795,37225,55.3,3.5,1071465,"1,073,229"
Idaho,"3 - May 14-19, 2020",530479,67453,39.6,5,1339242,"1,343,198"
Illinois,"3 - May 14-19, 2020",4277170,241562,45.5,2.5,9397379,"9,546,424"
Indiana,"3 - May 14-19, 2020",2657236,185588,53.1,3.7,5001392,"5,015,550"
Iowa,"3 - May 14-19, 2020",895950,106491,38.5,4.6,2330106,"2,342,905"
Kansas,"3 - May 14-19, 2020",866413,87431,40.5,4.1,2139545,"2,140,957"
Kentucky,"3 - May 14-19, 2020",1422763,116971,42.8,3.6,3327548,"3,344,102"
Louisiana,"3 - May 14-19, 2020",1591987,143882,46.5,4.2,3420733,"3,431,432"
Maine,"3 - May 14-19, 2020",485666,55491,45.8,5.2,1059563,"1,065,620"
Maryland,"3 - May 14-19, 2020",2059603,206988,45,4.5,4575802,"4,586,920"
Massachusetts,"3 - May 14-19, 2020",2339537,149618,44.2,2.8,5291788,"5,324,065"
Michigan,"3 - May 14-19, 2020",4420301,243085,58.3,3.2,7576578,"7,644,458"
Minnesota,"3 - May 14-19, 2020",1779224,144258,42,3.4,4232536,"4,241,624"
Mississippi,"3 - May 14-19, 2020",1067821,76820,49,3.5,2180440,"2,189,670"
Missouri,"3 - May 14-19, 2020",1994091,202486,43.4,4.4,4597616,"4,617,880"
Montana,"3 - May 14-19, 2020",365728,33221,44.7,4,818110,"822,204"
Nebraska,"3 - May 14-19, 2020",608813,70965,43.2,5,1409156,"1,418,191"
Nevada,"3 - May 14-19, 2020",1479536,78694,61.9,3.3,2389467,"2,399,457"
New Hampshire,"3 - May 14-19, 2020",526901,48051,49.4,4.5,1067258,"1,073,014"
New Jersey,"3 - May 14-19, 2020",3668472,264422,54.6,3.9,6718205,"6,776,822"
New Mexico,"3 - May 14-19, 2020",728174,70653,46.1,4.5,1579310,"1,589,574"
New York,"3 - May 14-19, 2020",7789086,579116,52.6,3.9,14817814,"14,847,080"
North Carolina,"3 - May 14-19, 2020",3721170,292129,46.6,3.6,7993210,"8,017,566"
North Dakota,"3 - May 14-19, 2020",210162,26293,37.6,4.7,559457,"561,016"
Ohio,"3 - May 14-19, 2020",4006578,376020,45.7,4.2,8774852,"8,822,539"
Oklahoma,"3 - May 14-19, 2020",1296055,119241,44.7,4.1,2899541,"2,916,436"
Oregon,"3 - May 14-19, 2020",1739608,105458,52.8,3.2,3295652,"3,302,727"
Pennsylvania,"3 - May 14-19, 2020",4855344,363694,49.9,3.8,9727137,"9,776,154"
Rhode Island,"3 - May 14-19, 2020",364708,31968,44.8,3.9,813658,"817,559"
South Carolina,"3 - May 14-19, 2020",1930854,180458,48.8,4.5,3955286,"3,969,123"
South Dakota,"3 - May 14-19, 2020",249706,29657,38.9,4.6,641659,"642,658"
Tennessee,"3 - May 14-19, 2020",2563625,181839,49.2,3.5,5207488,"5,221,475"
Texas,"3 - May 14-19, 2020",10260399,498111,48.3,2.3,21251239,"21,356,906"
Utah,"3 - May 14-19, 2020",999302,88686,44,3.9,2273390,"2,281,207"
Vermont,"3 - May 14-19, 2020",230222,22315,47.6,4.6,484068,"485,485"
Virginia,"3 - May 14-19, 2020",2716805,158792,42.1,2.5,6459585,"6,472,737"
Washington,"3 - May 14-19, 2020",2711066,236212,46.2,4,5866142,"5,890,357"
West Virginia,"3 - May 14-19, 2020",633629,67354,46,4.9,1376920,"1,379,576"
Wisconsin,"3 - May 14-19, 2020",1936670,176057,43.9,4,4407864,"4,438,719"
Wyoming,"3 - May 14-19, 2020",166618,21842,38.5,5,433136,"433,400"
-> Metro Areas,NA,NA,NA,NA,NA,NA,--
"Atlanta-Sandy Springs-Alpharetta, GA Metro Area","3 - May 14-19, 2020",2308763,236348,46.3,4.6,4983677,"5,001,211"
"Boston-Cambridge-Newton, MA-NH Metro Area","3 - May 14-19, 2020",1758535,143680,46.1,3.2,3817636,"3,847,292"
"Chicago-Naperville-Elgin, IL-IN-WI Metro Area","3 - May 14-19, 2020",3278147,242997,48.1,3,6822010,"6,952,766"
"Dallas-Fort Worth-Arlington, TX Metro Area","3 - May 14-19, 2020",3136217,399115,50.8,4.5,6172226,"6,207,790"
"Detroit-Warren-Dearborn, MI Metro Area","3 - May 14-19, 2020",2338139,207411,62.2,3.5,3759010,"3,766,708"
"Houston-The Woodlands-Sugar Land, TX Metro Area","3 - May 14-19, 2020",2831352,331963,52.6,4.2,5385253,"5,419,757"
"Los Angeles-Long Beach-Anaheim, CA Metro Area","3 - May 14-19, 2020",6860591,561741,61.6,3.6,11135618,"11,174,404"
"Miami-Fort Lauderdale-Pompano Beach, FL Metro Area","3 - May 14-19, 2020",3433427,435933,60.8,5.8,5642990,"5,664,425"
"New York-Newark-Jersey City, NY-NJ-PA Metro Area","3 - May 14-19, 2020",7634086,506179,57.4,3.4,13305145,"13,356,692"
"Philadelphia-Camden-Wilmington, PA-NJ-DE-MD Metro Area","3 - May 14-19, 2020",2509389,273091,54.6,4.3,4593659,"4,617,768"
"Phoenix-Mesa-Chandler, AZ Metro Area","3 - May 14-19, 2020",1631096,183185,42.3,4.4,3855308,"3,872,676"
"Riverside-San Bernardino-Ontario, CA Metro Area","3 - May 14-19, 2020",2486572,378559,60.6,5.1,4101506,"4,112,691"
"San Francisco-Oakland-Berkeley, CA Metro Area","3 - May 14-19, 2020",1939659,329306,45.5,5.5,4258627,"4,274,605"
"Seattle-Tacoma-Bellevue, WA Metro Area","3 - May 14-19, 2020",1378936,156359,44.5,4.1,3095865,"3,098,302"
"Washington-Arlington-Alexandria, DC-VA-MD-WV Metro Area","3 - May 14-19, 2020",2047627,169377,43.2,2.8,4735358,"4,743,165"
"Source: U.S. Census Bureau, Household Pulse Survey",NA,NA,NA,NA,NA,NA,NA
"Adults in households where someone had a loss in employment income since March 13, 2020",NA,NA,NA,NA,NA,NA,NA
NA,NA,Total Loss of Employment Income,NA,Percent Loss of Employment Income,NA,NA,NA
Area,Week,Number,Margin of Error +/-,Percent,Percent Margin of Error +/-,Measure Universe,Total Population age 18+
United States,"4 - May 21-26, 2020",119194889,1517262,48.1,0.6,247876591,"249,170,916"
-> States,NA,NA,NA,NA,NA,NA,--
Alabama,"4 - May 21-26, 2020",1493111,130017,40.3,3.5,3707458,"3,717,378"
Alaska,"4 - May 21-26, 2020",238877,19092,45.6,3.7,523287,"524,925"
Arizona,"4 - May 21-26, 2020",2602019,197779,46.7,3.6,5573646,"5,597,268"
Arkansas,"4 - May 21-26, 2020",837085,75039,37.4,3.4,2236259,"2,246,527"
California,"4 - May 21-26, 2020",16713654,675106,56,2.3,29864101,"29,939,021"
Colorado,"4 - May 21-26, 2020",1971937,157170,44.5,3.5,4431086,"4,454,718"
Connecticut,"4 - May 21-26, 2020",1272063,91766,46.7,3.4,2722064,"2,732,423"
Delaware,"4 - May 21-26, 2020",377678,33687,50.2,4.5,751991,"754,637"
District of Columbia,"4 - May 21-26, 2020",200279,26625,36.9,4.9,542343,"542,635"
Florida,"4 - May 21-26, 2020",8672522,463438,50.9,2.7,17036428,"17,085,385"
Georgia,"4 - May 21-26, 2020",3614105,271756,46.6,3.6,7752247,"7,955,983"
Hawaii,"4 - May 21-26, 2020",598790,45593,56,4.3,1069498,"1,073,229"
Idaho,"4 - May 21-26, 2020",453608,48763,34,3.7,1335670,"1,343,198"
Illinois,"4 - May 21-26, 2020",4569968,267301,48,2.8,9528303,"9,546,424"
Indiana,"4 - May 21-26, 2020",2364057,163252,47.2,3.3,5011174,"5,015,550"
Iowa,"4 - May 21-26, 2020",855703,74657,36.5,3.2,2342092,"2,342,905"
Kansas,"4 - May 21-26, 2020",865204,84610,40.5,3.9,2135957,"2,140,957"
Kentucky,"4 - May 21-26, 2020",1392986,143815,41.8,4.3,3329399,"3,344,102"
Louisiana,"4 - May 21-26, 2020",1744055,134003,51.3,3.9,3400631,"3,431,432"
Maine,"4 - May 21-26, 2020",491483,35837,46.2,3.4,1063507,"1,065,620"
Maryland,"4 - May 21-26, 2020",1957350,120969,43.3,2.7,4523187,"4,586,920"
Massachusetts,"4 - May 21-26, 2020",2385498,168390,45.1,3.2,5284012,"5,324,065"
Michigan,"4 - May 21-26, 2020",4308659,245150,56.7,3.2,7604180,"7,644,458"
Minnesota,"4 - May 21-26, 2020",1975774,148796,46.9,3.6,4212655,"4,241,624"
Mississippi,"4 - May 21-26, 2020",1082939,100261,49.7,4.6,2179972,"2,189,670"
Missouri,"4 - May 21-26, 2020",1755204,147027,38.2,3.2,4597858,"4,617,880"
Montana,"4 - May 21-26, 2020",326184,25575,39.8,3.1,819154,"822,204"
Nebraska,"4 - May 21-26, 2020",489794,52229,34.6,3.7,1414879,"1,418,191"
Nevada,"4 - May 21-26, 2020",1500918,71271,62.7,3,2392179,"2,399,457"
New Hampshire,"4 - May 21-26, 2020",468895,38604,43.9,3.6,1067926,"1,073,014"
New Jersey,"4 - May 21-26, 2020",3608781,207488,53.5,3.1,6751327,"6,776,822"
New Mexico,"4 - May 21-26, 2020",765501,73682,48.5,4.5,1577557,"1,589,574"
New York,"4 - May 21-26, 2020",8102985,483725,54.9,3.3,14751183,"14,847,080"
North Carolina,"4 - May 21-26, 2020",3542592,289256,44.4,3.6,7977417,"8,017,566"
North Dakota,"4 - May 21-26, 2020",193876,23437,34.7,4.2,559221,"561,016"
Ohio,"4 - May 21-26, 2020",3876668,337298,44.2,3.8,8768186,"8,822,539"
Oklahoma,"4 - May 21-26, 2020",1140305,121832,39.2,4.2,2908279,"2,916,436"
Oregon,"4 - May 21-26, 2020",1562737,103588,47.4,3.2,3294978,"3,302,727"
Pennsylvania,"4 - May 21-26, 2020",5253912,315261,53.9,3.2,9750481,"9,776,154"
Rhode Island,"4 - May 21-26, 2020",380726,34154,46.7,4.2,815922,"817,559"
South Carolina,"4 - May 21-26, 2020",1713773,139447,43.4,3.5,3951480,"3,969,123"
South Dakota,"4 - May 21-26, 2020",268041,28267,41.9,4.4,640456,"642,658"
Tennessee,"4 - May 21-26, 2020",2355202,149334,45.2,2.9,5214857,"5,221,475"
Texas,"4 - May 21-26, 2020",9845693,596688,46.6,2.8,21150007,"21,356,906"
Utah,"4 - May 21-26, 2020",909726,102138,40.1,4.5,2270904,"2,281,207"
Vermont,"4 - May 21-26, 2020",244877,19161,50.6,3.9,483926,"485,485"
Virginia,"4 - May 21-26, 2020",2750708,231890,42.7,3.6,6446769,"6,472,737"
Washington,"4 - May 21-26, 2020",2547828,168033,43.3,2.9,5878819,"5,890,357"
West Virginia,"4 - May 21-26, 2020",579374,80943,42.2,5.9,1373425,"1,379,576"
Wisconsin,"4 - May 21-26, 2020",1813844,143118,41,3.2,4426667,"4,438,719"
Wyoming,"4 - May 21-26, 2020",157341,18100,36.5,4.2,431587,"433,400"
-> Metro Areas,NA,NA,NA,NA,NA,NA,--
"Atlanta-Sandy Springs-Alpharetta, GA Metro Area","4 - May 21-26, 2020",2128175,204615,51,3.7,4174970,"4,330,909"
"Boston-Cambridge-Newton, MA-NH Metro Area","4 - May 21-26, 2020",1651195,170048,43.1,3.7,3829975,"3,846,938"
"Chicago-Naperville-Elgin, IL-IN-WI Metro Area","4 - May 21-26, 2020",3702920,330294,52.1,3.6,7101751,"7,112,877"
"Dallas-Fort Worth-Arlington, TX Metro Area","4 - May 21-26, 2020",3566954,417282,53.3,5,6685978,"6,705,280"
"Detroit-Warren-Dearborn, MI Metro Area","4 - May 21-26, 2020",2078195,173548,57.1,4,3639874,"3,665,878"
"Houston-The Woodlands-Sugar Land, TX Metro Area","4 - May 21-26, 2020",2818918,358807,49.5,4.3,5690772,"5,778,997"
"Los Angeles-Long Beach-Anaheim, CA Metro Area","4 - May 21-26, 2020",6641445,556775,63.4,3.4,10482142,"10,512,305"
"Miami-Fort Lauderdale-Pompano Beach, FL Metro Area","4 - May 21-26, 2020",2904627,266383,57.3,4.3,5070965,"5,101,786"
"New York-Newark-Jersey City, NY-NJ-PA Metro Area","4 - May 21-26, 2020",8215388,523735,56,2.6,14670457,"14,760,726"
"Philadelphia-Camden-Wilmington, PA-NJ-DE-MD Metro Area","4 - May 21-26, 2020",2540813,212757,53.8,3.4,4722103,"4,734,016"
"Phoenix-Mesa-Chandler, AZ Metro Area","4 - May 21-26, 2020",1802025,189982,48.1,4.3,3742530,"3,764,585"
"Riverside-San Bernardino-Ontario, CA Metro Area","4 - May 21-26, 2020",2579535,387912,60.6,5.1,4254589,"4,260,691"
"San Francisco-Oakland-Berkeley, CA Metro Area","4 - May 21-26, 2020",1798889,268393,46.5,4.7,3867683,"3,895,884"
"Seattle-Tacoma-Bellevue, WA Metro Area","4 - May 21-26, 2020",1523500,142985,46,3.7,3315102,"3,324,775"
"Washington-Arlington-Alexandria, DC-VA-MD-WV Metro Area","4 - May 21-26, 2020",2044528,171661,43.5,2.9,4701579,"4,756,931"
"Source: U.S. Census Bureau, Household Pulse Survey",NA,NA,NA,NA,NA,NA,NA
"Adults in households where someone had a loss in employment income since March 13, 2020",NA,NA,NA,NA,NA,NA,NA
NA,NA,Total Loss of Employment Income,NA,Percent Loss of Employment Income,NA,NA,NA
Area,Week,Number,Margin of Error +/-,Percent,Percent Margin of Error +/-,Measure Universe,Total Population age 18+
United States,"5 - May 28-June 2, 2020",119748238,1446847,48.3,0.6,247966709,"249,170,916"
-> States,NA,NA,NA,NA,NA,NA,--
Alabama,"5 - May 28-June 2, 2020",1437102,121576,38.8,3.3,3700488,"3,717,378"
Alaska,"5 - May 28-June 2, 2020",236656,21285,45.3,4.1,522994,"524,925"
Arizona,"5 - May 28-June 2, 2020",2554328,158204,45.8,2.8,5572228,"5,597,268"
Arkansas,"5 - May 28-June 2, 2020",842207,78780,37.6,3.5,2238540,"2,246,527"
California,"5 - May 28-June 2, 2020",15419448,511714,51.9,1.7,29731964,"29,939,021"
Colorado,"5 - May 28-June 2, 2020",2143049,148952,48.3,3.4,4437478,"4,454,718"
Connecticut,"5 - May 28-June 2, 2020",1303380,85106,48,3.1,2717751,"2,732,423"
Delaware,"5 - May 28-June 2, 2020",306042,27658,40.8,3.6,750475,"754,637"
District of Columbia,"5 - May 28-June 2, 2020",226000,23309,41.7,4.3,541827,"542,635"
Florida,"5 - May 28-June 2, 2020",8604022,386091,50.8,2.2,16952086,"17,085,385"
Georgia,"5 - May 28-June 2, 2020",3833526,225997,48.4,2.9,7921641,"7,955,983"
Hawaii,"5 - May 28-June 2, 2020",631457,41268,59.2,3.9,1066446,"1,073,229"
Idaho,"5 - May 28-June 2, 2020",535712,47855,39.9,3.6,1341956,"1,343,198"
Illinois,"5 - May 28-June 2, 2020",4149811,331014,43.7,3.5,9492799,"9,546,424"
Indiana,"5 - May 28-June 2, 2020",2200125,163228,43.9,3.3,5006843,"5,015,550"
Iowa,"5 - May 28-June 2, 2020",940145,70019,40.3,3,2332004,"2,342,905"
Kansas,"5 - May 28-June 2, 2020",918833,71850,43.1,3.4,2131059,"2,140,957"
Kentucky,"5 - May 28-June 2, 2020",1470664,109433,44.1,3.3,3334067,"3,344,102"
Louisiana,"5 - May 28-June 2, 2020",1655413,127191,48.4,3.7,3418421,"3,431,432"
Maine,"5 - May 28-June 2, 2020",456203,39663,43.1,3.7,1058693,"1,065,620"
Maryland,"5 - May 28-June 2, 2020",2070202,162793,45.3,3.6,4566888,"4,586,920"
Massachusetts,"5 - May 28-June 2, 2020",2591401,175750,48.8,3.3,5305343,"5,324,065"
Michigan,"5 - May 28-June 2, 2020",4363089,210566,57.3,2.8,7609528,"7,644,458"
Minnesota,"5 - May 28-June 2, 2020",2003380,137526,47.3,3.2,4234787,"4,241,624"
Mississippi,"5 - May 28-June 2, 2020",1113036,83681,51,3.8,2183732,"2,189,670"
Missouri,"5 - May 28-June 2, 2020",1931278,128830,42,2.8,4601448,"4,617,880"
Montana,"5 - May 28-June 2, 2020",290730,20588,35.5,2.5,819362,"822,204"
Nebraska,"5 - May 28-June 2, 2020",511948,54746,36.1,3.9,1416654,"1,418,191"
Nevada,"5 - May 28-June 2, 2020",1376221,65794,57.5,2.8,2392564,"2,399,457"
New Hampshire,"5 - May 28-June 2, 2020",470806,39584,44,3.7,1071009,"1,073,014"
New Jersey,"5 - May 28-June 2, 2020",3589084,183832,53.5,2.6,6710631,"6,776,822"
New Mexico,"5 - May 28-June 2, 2020",742728,52150,46.9,3.2,1583090,"1,589,574"
New York,"5 - May 28-June 2, 2020",8420249,475998,56.9,3.2,14810417,"14,847,080"
North Carolina,"5 - May 28-June 2, 2020",3598578,271758,45,3.4,8002985,"8,017,566"
North Dakota,"5 - May 28-June 2, 2020",195370,23255,34.9,4.2,559542,"561,016"
Ohio,"5 - May 28-June 2, 2020",4292345,297494,48.9,3.4,8774582,"8,822,539"
Oklahoma,"5 - May 28-June 2, 2020",1312450,114853,45.4,3.9,2893371,"2,916,436"
Oregon,"5 - May 28-June 2, 2020",1671449,108877,50.8,3.3,3291487,"3,302,727"
Pennsylvania,"5 - May 28-June 2, 2020",4933539,268061,50.7,2.8,9736136,"9,776,154"
Rhode Island,"5 - May 28-June 2, 2020",403263,38392,49.5,4.7,814580,"817,559"
South Carolina,"5 - May 28-June 2, 2020",1718718,159148,43.7,4,3930115,"3,969,123"
South Dakota,"5 - May 28-June 2, 2020",247613,27174,38.6,4.2,642014,"642,658"
Tennessee,"5 - May 28-June 2, 2020",2316787,150792,44.7,2.9,5185288,"5,221,475"
Texas,"5 - May 28-June 2, 2020",10594761,454409,49.9,2.2,21242942,"21,356,906"
Utah,"5 - May 28-June 2, 2020",997071,64911,43.8,2.8,2278341,"2,281,207"
Vermont,"5 - May 28-June 2, 2020",229075,23890,47.3,4.9,484709,"485,485"
Virginia,"5 - May 28-June 2, 2020",2657548,203906,41.2,3.1,6457643,"6,472,737"
Washington,"5 - May 28-June 2, 2020",2769312,168306,47.2,2.9,5861620,"5,890,357"
West Virginia,"5 - May 28-June 2, 2020",527412,71917,38.3,5.2,1377751,"1,379,576"
Wisconsin,"5 - May 28-June 2, 2020",1779463,144933,40.2,3.3,4427959,"4,438,719"
Wyoming,"5 - May 28-June 2, 2020",165209,19659,38.4,4.6,430434,"433,400"
-> Metro Areas,NA,NA,NA,NA,NA,NA,--
"Atlanta-Sandy Springs-Alpharetta, GA Metro Area","5 - May 28-June 2, 2020",2162186,149396,50.8,2.9,4254306,"4,278,111"
"Boston-Cambridge-Newton, MA-NH Metro Area","5 - May 28-June 2, 2020",1850498,149336,47.7,3.7,3879201,"3,890,353"
"Chicago-Naperville-Elgin, IL-IN-WI Metro Area","5 - May 28-June 2, 2020",3361845,284557,48.5,3.6,6926146,"6,970,152"
"Dallas-Fort Worth-Arlington, TX Metro Area","5 - May 28-June 2, 2020",2751668,418134,46.8,4,5882690,"5,899,479"
"Detroit-Warren-Dearborn, MI Metro Area","5 - May 28-June 2, 2020",2149212,213214,61.2,4.4,3510175,"3,532,103"
"Houston-The Woodlands-Sugar Land, TX Metro Area","5 - May 28-June 2, 2020",3221216,322610,56.7,3.2,5678407,"5,742,798"
"Los Angeles-Long Beach-Anaheim, CA Metro Area","5 - May 28-June 2, 2020",6025914,441447,54.8,3.2,10996611,"11,017,907"
"Miami-Fort Lauderdale-Pompano Beach, FL Metro Area","5 - May 28-June 2, 2020",2775163,299140,60.9,3.6,4554114,"4,590,306"
"New York-Newark-Jersey City, NY-NJ-PA Metro Area","5 - May 28-June 2, 2020",8192868,511198,57.6,2.8,14217948,"14,303,693"
"Philadelphia-Camden-Wilmington, PA-NJ-DE-MD Metro Area","5 - May 28-June 2, 2020",2525342,230345,52.9,3.6,4774667,"4,793,430"
"Phoenix-Mesa-Chandler, AZ Metro Area","5 - May 28-June 2, 2020",1908698,148507,49.5,2.9,3856725,"3,877,115"
"Riverside-San Bernardino-Ontario, CA Metro Area","5 - May 28-June 2, 2020",2542406,383085,61.3,4.9,4150424,"4,160,231"
"San Francisco-Oakland-Berkeley, CA Metro Area","5 - May 28-June 2, 2020",1782658,270496,48.1,4.7,3703332,"3,713,836"
"Seattle-Tacoma-Bellevue, WA Metro Area","5 - May 28-June 2, 2020",1569653,151210,48.1,3.9,3264933,"3,284,848"
"Washington-Arlington-Alexandria, DC-VA-MD-WV Metro Area","5 - May 28-June 2, 2020",2182724,179938,43.8,2.7,4980210,"4,998,796"
"Source: U.S. Census Bureau, Household Pulse Survey",NA,NA,NA,NA,NA,NA,NA
"Adults in households where someone had a loss in employment income since March 13, 2020",NA,NA,NA,NA,NA,NA,NA
NA,NA,Total Loss of Employment Income,NA,Percent Loss of Employment Income,NA,NA,NA
Area,Week,Number,Margin of Error +/-,Percent,Percent Margin of Error +/-,Measure Universe,Total Population age 18+
United States,"6 - June 4-9, 2020",118531419,1809795,47.8,0.7,247899008,"249,170,916"
-> States,NA,NA,NA,NA,NA,NA,--
Alabama,"6 - June 4-9, 2020",1684668,143976,45.5,3.9,3701152,"3,717,378"
Alaska,"6 - June 4-9, 2020",233598,27702,44.5,5.3,524439,"524,925"
Arizona,"6 - June 4-9, 2020",2444829,168756,43.8,3,5587897,"5,597,268"
Arkansas,"6 - June 4-9, 2020",881256,110003,39.5,4.9,2233165,"2,246,527"
California,"6 - June 4-9, 2020",16471831,640560,55.2,2.2,29820065,"29,939,021"
Colorado,"6 - June 4-9, 2020",2171527,145095,48.8,3.3,4448778,"4,454,718"
Connecticut,"6 - June 4-9, 2020",1251566,98310,45.9,3.6,2724179,"2,732,423"
Delaware,"6 - June 4-9, 2020",336949,29380,44.7,3.9,753523,"754,637"
District of Columbia,"6 - June 4-9, 2020",229674,23908,42.4,4.4,541868,"542,635"
Florida,"6 - June 4-9, 2020",8151064,479942,47.9,2.8,17005529,"17,085,385"
Georgia,"6 - June 4-9, 2020",3795144,309868,48,3.9,7908802,"7,955,983"
Hawaii,"6 - June 4-9, 2020",542213,42191,50.8,4,1066405,"1,073,229"
Idaho,"6 - June 4-9, 2020",511577,46198,38.7,3.4,1323106,"1,343,198"
Illinois,"6 - June 4-9, 2020",4628797,365911,49,3.9,9444825,"9,546,424"
Indiana,"6 - June 4-9, 2020",2057326,191302,41.2,3.8,4994922,"5,015,550"
Iowa,"6 - June 4-9, 2020",863120,98780,37,4.2,2331292,"2,342,905"
Kansas,"6 - June 4-9, 2020",828284,84015,39,4,2123768,"2,140,957"
Kentucky,"6 - June 4-9, 2020",1443776,141983,43.4,4.3,3324369,"3,344,102"
Louisiana,"6 - June 4-9, 2020",1755229,155689,51.3,4.5,3424230,"3,431,432"
Maine,"6 - June 4-9, 2020",476609,41544,45,3.9,1058921,"1,065,620"
Maryland,"6 - June 4-9, 2020",1853977,169534,40.8,3.6,4539661,"4,586,920"
Massachusetts,"6 - June 4-9, 2020",2579966,218622,48.6,4.1,5305561,"5,324,065"
Michigan,"6 - June 4-9, 2020",4263419,239367,55.9,3.1,7625675,"7,644,458"
Minnesota,"6 - June 4-9, 2020",1846231,128776,44.3,2.9,4171176,"4,241,624"
Mississippi,"6 - June 4-9, 2020",1093916,104120,50.3,4.7,2173858,"2,189,670"
Missouri,"6 - June 4-9, 2020",2021506,207992,44.1,4.5,4588702,"4,617,880"
Montana,"6 - June 4-9, 2020",337034,32058,41.1,3.9,820066,"822,204"
Nebraska,"6 - June 4-9, 2020",509833,57328,36,4,1414703,"1,418,191"
Nevada,"6 - June 4-9, 2020",1300099,106245,54.4,4.4,2391679,"2,399,457"
New Hampshire,"6 - June 4-9, 2020",476302,46852,44.9,4.4,1061854,"1,073,014"
New Jersey,"6 - June 4-9, 2020",3461303,327851,51.5,4.9,6725132,"6,776,822"
New Mexico,"6 - June 4-9, 2020",682412,70403,43,4.4,1586764,"1,589,574"
New York,"6 - June 4-9, 2020",8153762,427273,55,2.9,14812915,"14,847,080"
North Carolina,"6 - June 4-9, 2020",3391807,280456,42.9,3.6,7899331,"8,017,566"
North Dakota,"6 - June 4-9, 2020",203457,25693,36.3,4.6,560420,"561,016"
Ohio,"6 - June 4-9, 2020",4061450,369475,46.2,4.2,8790497,"8,822,539"
Oklahoma,"6 - June 4-9, 2020",1288568,105321,44.3,3.6,2910935,"2,916,436"
Oregon,"6 - June 4-9, 2020",1641645,116323,49.8,3.6,3295014,"3,302,727"
Pennsylvania,"6 - June 4-9, 2020",4923662,282760,50.7,2.9,9718747,"9,776,154"
Rhode Island,"6 - June 4-9, 2020",421117,38021,51.8,4.6,813569,"817,559"
South Carolina,"6 - June 4-9, 2020",1776200,146644,44.9,3.7,3954004,"3,969,123"
South Dakota,"6 - June 4-9, 2020",232479,29061,36.6,4.5,636026,"642,658"
Tennessee,"6 - June 4-9, 2020",2423978,181442,46.9,3.4,5167558,"5,221,475"
Texas,"6 - June 4-9, 2020",10245171,510064,48.1,2.4,21313912,"21,356,906"
Utah,"6 - June 4-9, 2020",813321,78701,35.8,3.4,2272217,"2,281,207"
Vermont,"6 - June 4-9, 2020",207259,23796,42.8,4.9,484159,"485,485"
Virginia,"6 - June 4-9, 2020",2474250,263905,38.3,4.1,6454277,"6,472,737"
Washington,"6 - June 4-9, 2020",2651565,182141,45.2,3.1,5869586,"5,890,357"
West Virginia,"6 - June 4-9, 2020",541996,57318,39.9,4.2,1357905,"1,379,576"
Wisconsin,"6 - June 4-9, 2020",1740693,147436,39.5,3.4,4410309,"4,438,719"
Wyoming,"6 - June 4-9, 2020",154002,17872,35.7,4.1,431560,"433,400"
-> Metro Areas,NA,NA,NA,NA,NA,NA,--
"Atlanta-Sandy Springs-Alpharetta, GA Metro Area","6 - June 4-9, 2020",2421398,278838,50.3,4.4,4812856,"4,854,499"
"Boston-Cambridge-Newton, MA-NH Metro Area","6 - June 4-9, 2020",1725588,172926,48.5,4.4,3557567,"3,575,141"
"Chicago-Naperville-Elgin, IL-IN-WI Metro Area","6 - June 4-9, 2020",3339349,323339,48.8,4.1,6847823,"6,931,752"
"Dallas-Fort Worth-Arlington, TX Metro Area","6 - June 4-9, 2020",3250048,434722,49.9,3.8,6513576,"6,520,626"
"Detroit-Warren-Dearborn, MI Metro Area","6 - June 4-9, 2020",2033001,183890,57.5,4.3,3534575,"3,540,040"
"Houston-The Woodlands-Sugar Land, TX Metro Area","6 - June 4-9, 2020",3084862,380971,52.9,4.5,5834831,"5,851,032"
"Los Angeles-Long Beach-Anaheim, CA Metro Area","6 - June 4-9, 2020",6074547,533865,59.6,3.6,10199526,"10,251,593"
"Miami-Fort Lauderdale-Pompano Beach, FL Metro Area","6 - June 4-9, 2020",2641424,306850,57.5,4.9,4597662,"4,625,494"
"New York-Newark-Jersey City, NY-NJ-PA Metro Area","6 - June 4-9, 2020",8026838,454790,55.2,3,14549887,"14,625,880"
"Philadelphia-Camden-Wilmington, PA-NJ-DE-MD Metro Area","6 - June 4-9, 2020",2435096,265461,50.4,4.1,4830558,"4,861,090"
"Phoenix-Mesa-Chandler, AZ Metro Area","6 - June 4-9, 2020",1833268,149065,47.1,3.2,3894726,"3,902,414"
"Riverside-San Bernardino-Ontario, CA Metro Area","6 - June 4-9, 2020",2605722,348865,59.2,4.8,4404613,"4,417,315"
"San Francisco-Oakland-Berkeley, CA Metro Area","6 - June 4-9, 2020",1771696,296644,54.8,5.4,3233291,"3,264,739"
"Seattle-Tacoma-Bellevue, WA Metro Area","6 - June 4-9, 2020",1628558,168570,49.2,4,3310980,"3,317,524"
"Washington-Arlington-Alexandria, DC-VA-MD-WV Metro Area","6 - June 4-9, 2020",1908051,191688,40.8,3.5,4672769,"4,689,114"
"Source: U.S. Census Bureau, Household Pulse Survey",NA,NA,NA,NA,NA,NA,NA
"Adults in households where someone had a loss in employment income since March 13, 2020",NA,NA,NA,NA,NA,NA,NA
NA,NA,Total Loss of Employment Income,NA,Percent Loss of Employment Income,NA,NA,NA
Area,Week,Number,Margin of Error +/-,Percent,Percent Margin of Error +/-,Measure Universe,Total Population age 18+
United States,"7 - June 11-16, 2020",118676566,1616648,47.8,0.6,248365811,"249,170,916"
-> States,NA,NA,NA,NA,NA,NA,--
Alabama,"7 - June 11-16, 2020",1765955,143326,47.8,3.9,3692982,"3,717,378"
Alaska,"7 - June 11-16, 2020",257419,27876,49.1,5.3,523895,"524,925"
Arizona,"7 - June 11-16, 2020",2458322,209493,44.1,3.7,5570534,"5,597,268"
Arkansas,"7 - June 11-16, 2020",907424,113990,40.5,5.1,2239915,"2,246,527"
California,"7 - June 11-16, 2020",16014564,784629,53.6,2.6,29886293,"29,939,021"
Colorado,"7 - June 11-16, 2020",2109469,193049,47.5,4.3,4442472,"4,454,718"
Connecticut,"7 - June 11-16, 2020",1278858,122591,46.9,4.5,2728664,"2,732,423"
Delaware,"7 - June 11-16, 2020",304172,30525,40.4,4.1,753722,"754,637"
District of Columbia,"7 - June 11-16, 2020",226091,29978,41.7,5.5,542567,"542,635"
Florida,"7 - June 11-16, 2020",8123349,578719,47.7,3.4,17024213,"17,085,385"
Georgia,"7 - June 11-16, 2020",3708037,303223,46.7,3.8,7947212,"7,955,983"
Hawaii,"7 - June 11-16, 2020",526430,57839,49.4,5.6,1065248,"1,073,229"
Idaho,"7 - June 11-16, 2020",587959,66308,43.8,4.9,1342579,"1,343,198"
Illinois,"7 - June 11-16, 2020",4803734,295204,50.6,3.1,9494680,"9,546,424"
Indiana,"7 - June 11-16, 2020",2255974,202113,45.3,4,4979663,"5,015,550"
Iowa,"7 - June 11-16, 2020",887954,97520,38.1,4.2,2329858,"2,342,905"
Kansas,"7 - June 11-16, 2020",921443,98447,43.1,4.6,2137980,"2,140,957"
Kentucky,"7 - June 11-16, 2020",1486062,140053,44.5,4.2,3336218,"3,344,102"
Louisiana,"7 - June 11-16, 2020",1870151,155367,54.6,4.5,3426862,"3,431,432"
Maine,"7 - June 11-16, 2020",459529,45084,43.2,4.2,1064257,"1,065,620"
Maryland,"7 - June 11-16, 2020",1926330,174321,42.1,3.8,4573952,"4,586,920"
Massachusetts,"7 - June 11-16, 2020",2497349,185018,47.2,3.5,5288586,"5,324,065"
Michigan,"7 - June 11-16, 2020",4278404,212661,56,2.8,7635481,"7,644,458"
Minnesota,"7 - June 11-16, 2020",1944917,166783,46,3.9,4229125,"4,241,624"
Mississippi,"7 - June 11-16, 2020",1162043,87324,53.8,4.1,2160829,"2,189,670"
Missouri,"7 - June 11-16, 2020",1970943,191255,42.7,4.1,4615738,"4,617,880"
Montana,"7 - June 11-16, 2020",298555,40065,36.4,4.9,819392,"822,204"
Nebraska,"7 - June 11-16, 2020",476947,46703,33.7,3.3,1413594,"1,418,191"
Nevada,"7 - June 11-16, 2020",1414417,60726,59.1,2.5,2393892,"2,399,457"
New Hampshire,"7 - June 11-16, 2020",473223,56271,44.1,5.3,1071917,"1,073,014"
New Jersey,"7 - June 11-16, 2020",3273463,276737,48.5,4.1,6743453,"6,776,822"
New Mexico,"7 - June 11-16, 2020",688247,76854,43.3,4.8,1589218,"1,589,574"
New York,"7 - June 11-16, 2020",7817411,547393,52.9,3.7,14771394,"14,847,080"
North Carolina,"7 - June 11-16, 2020",3390615,310200,42.3,3.9,8011774,"8,017,566"
North Dakota,"7 - June 11-16, 2020",224699,42926,40.1,7.7,559761,"561,016"
Ohio,"7 - June 11-16, 2020",3890918,494502,44.1,5.6,8818571,"8,822,539"
Oklahoma,"7 - June 11-16, 2020",1162700,121680,40.2,4.2,2894516,"2,916,436"
Oregon,"7 - June 11-16, 2020",1704613,150771,51.6,4.6,3301848,"3,302,727"
Pennsylvania,"7 - June 11-16, 2020",4808634,387013,49.5,4,9710510,"9,776,154"
Rhode Island,"7 - June 11-16, 2020",359561,40679,44.2,5,812581,"817,559"
South Carolina,"7 - June 11-16, 2020",1880006,226468,47.7,5.6,3944001,"3,969,123"
South Dakota,"7 - June 11-16, 2020",250430,42317,39,6.6,642658,"642,658"
Tennessee,"7 - June 11-16, 2020",2422009,269587,46.5,5.2,5208805,"5,221,475"
Texas,"7 - June 11-16, 2020",10529000,648071,49.4,3,21325186,"21,356,906"
Utah,"7 - June 11-16, 2020",852374,84539,37.4,3.7,2279022,"2,281,207"
Vermont,"7 - June 11-16, 2020",220535,20148,45.5,4.2,484626,"485,485"
Virginia,"7 - June 11-16, 2020",2309270,258695,36,4,6407287,"6,472,737"
Washington,"7 - June 11-16, 2020",2936663,179613,50,3,5878716,"5,890,357"
West Virginia,"7 - June 11-16, 2020",609704,86219,44.2,6.3,1378573,"1,379,576"
Wisconsin,"7 - June 11-16, 2020",1795651,173573,40.5,3.9,4438719,"4,438,719"
Wyoming,"7 - June 11-16, 2020",154041,18665,35.6,4.3,432274,"433,400"
-> Metro Areas,NA,NA,NA,NA,NA,NA,--
"Atlanta-Sandy Springs-Alpharetta, GA Metro Area","7 - June 11-16, 2020",2259180,231753,50.5,4.3,4478053,"4,479,892"
"Boston-Cambridge-Newton, MA-NH Metro Area","7 - June 11-16, 2020",1723410,158637,47.7,3.5,3611823,"3,645,033"
"Chicago-Naperville-Elgin, IL-IN-WI Metro Area","7 - June 11-16, 2020",3700813,289146,53.2,3.4,6954461,"7,002,509"
"Dallas-Fort Worth-Arlington, TX Metro Area","7 - June 11-16, 2020",3121305,369762,51.7,4.9,6035073,"6,047,865"
"Detroit-Warren-Dearborn, MI Metro Area","7 - June 11-16, 2020",1920497,204281,55.4,5.2,3464034,"3,466,514"
"Houston-The Woodlands-Sugar Land, TX Metro Area","7 - June 11-16, 2020",3102695,625637,54,6.2,5749678,"5,760,948"
"Los Angeles-Long Beach-Anaheim, CA Metro Area","7 - June 11-16, 2020",6520661,657477,60,4.3,10863901,"10,891,729"
"Miami-Fort Lauderdale-Pompano Beach, FL Metro Area","7 - June 11-16, 2020",2591393,296604,54.9,5.6,4723107,"4,732,724"
"New York-Newark-Jersey City, NY-NJ-PA Metro Area","7 - June 11-16, 2020",7896544,568240,54.6,3.6,14453964,"14,548,330"
"Philadelphia-Camden-Wilmington, PA-NJ-DE-MD Metro Area","7 - June 11-16, 2020",2458652,310036,49.7,5.2,4943620,"5,004,652"
"Phoenix-Mesa-Chandler, AZ Metro Area","7 - June 11-16, 2020",1708731,220784,44.7,4.7,3826132,"3,836,956"
"Riverside-San Bernardino-Ontario, CA Metro Area","7 - June 11-16, 2020",2286639,393771,58.5,5,3911451,"3,922,098"
"San Francisco-Oakland-Berkeley, CA Metro Area","7 - June 11-16, 2020",1793290,304909,50.4,5.4,3556484,"3,558,335"
"Seattle-Tacoma-Bellevue, WA Metro Area","7 - June 11-16, 2020",1643757,184612,50.9,4.6,3226493,"3,237,492"
"Washington-Arlington-Alexandria, DC-VA-MD-WV Metro Area","7 - June 11-16, 2020",1746999,221203,37.7,4.2,4635578,"4,706,409"
"Source: U.S. Census Bureau, Household Pulse Survey",NA,NA,NA,NA,NA,NA,NA
"Adults in households where someone had a loss in employment income since March 13, 2020",NA,NA,NA,NA,NA,NA,NA
NA,NA,Total Loss of Employment Income,NA,Percent Loss of Employment Income,NA,NA,NA
Area,Week,Number,Margin of Error +/-,Percent,Percent Margin of Error +/-,Measure Universe,Total Population age 18+
United States,"8 - June 18-23, 2020",119795612,1637747,48.3,0.7,248113253,"249,170,916"
-> States,NA,NA,NA,NA,NA,NA,--
Alabama,"8 - June 18-23, 2020",1616410,164644,43.6,4.4,3709542,"3,717,378"
Alaska,"8 - June 18-23, 2020",233971,18785,44.6,3.6,524475,"524,925"
Arizona,"8 - June 18-23, 2020",2438386,177987,43.8,3.2,5570956,"5,597,268"
Arkansas,"8 - June 18-23, 2020",894199,93258,39.9,4.2,2240942,"2,246,527"
California,"8 - June 18-23, 2020",16596234,687179,55.8,2.3,29730788,"29,939,021"
Colorado,"8 - June 18-23, 2020",1966014,158468,44.2,3.6,4443265,"4,454,718"
Connecticut,"8 - June 18-23, 2020",1221502,105864,44.8,3.9,2727556,"2,732,423"
Delaware,"8 - June 18-23, 2020",348734,34537,46.3,4.6,753520,"754,637"
District of Columbia,"8 - June 18-23, 2020",198598,24591,36.8,4.5,539540,"542,635"
Florida,"8 - June 18-23, 2020",8036850,492019,47.2,2.9,17029902,"17,085,385"
Georgia,"8 - June 18-23, 2020",3888425,256528,49,3.2,7943120,"7,955,983"
Hawaii,"8 - June 18-23, 2020",489326,39987,46.3,3.7,1056292,"1,073,229"
Idaho,"8 - June 18-23, 2020",560252,50514,41.8,3.8,1339629,"1,343,198"
Illinois,"8 - June 18-23, 2020",4275139,294679,44.9,3.1,9511444,"9,546,424"
Indiana,"8 - June 18-23, 2020",2171348,164330,43.4,3.3,5005537,"5,015,550"
Iowa,"8 - June 18-23, 2020",900643,92461,38.7,3.9,2328486,"2,342,905"
Kansas,"8 - June 18-23, 2020",847365,72351,39.9,3.4,2124699,"2,140,957"
Kentucky,"8 - June 18-23, 2020",1765950,124396,52.8,3.7,3342563,"3,344,102"
Louisiana,"8 - June 18-23, 2020",1771667,142460,51.8,4.2,3419795,"3,431,432"
Maine,"8 - June 18-23, 2020",437122,48265,41.1,4.5,1062538,"1,065,620"
Maryland,"8 - June 18-23, 2020",2002190,155583,43.7,3.4,4579505,"4,586,920"
Massachusetts,"8 - June 18-23, 2020",2574705,145896,48.4,2.7,5317735,"5,324,065"
Michigan,"8 - June 18-23, 2020",4062534,218876,53.3,2.9,7625465,"7,644,458"
Minnesota,"8 - June 18-23, 2020",1882078,150270,44.6,3.6,4222524,"4,241,624"
Mississippi,"8 - June 18-23, 2020",1193740,81342,54.7,3.7,2180794,"2,189,670"
Missouri,"8 - June 18-23, 2020",1980836,196411,42.9,4.3,4614007,"4,617,880"
Montana,"8 - June 18-23, 2020",361511,32141,44,3.9,820837,"822,204"
Nebraska,"8 - June 18-23, 2020",456145,45483,32.3,3.2,1412483,"1,418,191"
Nevada,"8 - June 18-23, 2020",1531230,76316,63.9,3.2,2395033,"2,399,457"
New Hampshire,"8 - June 18-23, 2020",536144,46040,50.1,4.3,1069385,"1,073,014"
New Jersey,"8 - June 18-23, 2020",3632907,219031,54.2,3.3,6706194,"6,776,822"
New Mexico,"8 - June 18-23, 2020",684375,63547,43.1,4,1587768,"1,589,574"
New York,"8 - June 18-23, 2020",7586252,623106,51.4,4.2,14764811,"14,847,080"
North Carolina,"8 - June 18-23, 2020",3776077,251677,47.3,3.1,7981213,"8,017,566"
North Dakota,"8 - June 18-23, 2020",245058,30950,44,5.6,557313,"561,016"
Ohio,"8 - June 18-23, 2020",3830861,299517,43.5,3.4,8806012,"8,822,539"
Oklahoma,"8 - June 18-23, 2020",1307159,101081,44.9,3.5,2910900,"2,916,436"
Oregon,"8 - June 18-23, 2020",1411508,121943,42.9,3.7,3290482,"3,302,727"
Pennsylvania,"8 - June 18-23, 2020",4976558,345923,51.2,3.6,9725659,"9,776,154"
Rhode Island,"8 - June 18-23, 2020",407947,33363,50.1,4.1,813507,"817,559"
South Carolina,"8 - June 18-23, 2020",1626464,200177,41,5,3964293,"3,969,123"
South Dakota,"8 - June 18-23, 2020",230378,28438,36,4.5,639293,"642,658"
Tennessee,"8 - June 18-23, 2020",2644987,212673,50.8,4.1,5201860,"5,221,475"
Texas,"8 - June 18-23, 2020",10814471,516673,50.9,2.4,21244584,"21,356,906"
Utah,"8 - June 18-23, 2020",966105,68611,42.4,3,2276102,"2,281,207"
Vermont,"8 - June 18-23, 2020",248140,20448,51.1,4.2,485485,"485,485"
Virginia,"8 - June 18-23, 2020",2859468,217818,44.6,3.4,6409022,"6,472,737"
Washington,"8 - June 18-23, 2020",2702006,187121,45.9,3.2,5884167,"5,890,357"
West Virginia,"8 - June 18-23, 2020",527566,58608,38.4,4.3,1373333,"1,379,576"
Wisconsin,"8 - June 18-23, 2020",1925290,179250,43.6,4,4416929,"4,438,719"
Wyoming,"8 - June 18-23, 2020",152787,20341,35.4,4.7,431967,"433,400"
-> Metro Areas,NA,NA,NA,NA,NA,NA,--
"Atlanta-Sandy Springs-Alpharetta, GA Metro Area","8 - June 18-23, 2020",2178224,223371,48.2,4.3,4519637,"4,527,471"
"Boston-Cambridge-Newton, MA-NH Metro Area","8 - June 18-23, 2020",1851478,145238,48,3.5,3859767,"3,866,129"
"Chicago-Naperville-Elgin, IL-IN-WI Metro Area","8 - June 18-23, 2020",3531244,307756,49.1,3.6,7193904,"7,233,165"
"Dallas-Fort Worth-Arlington, TX Metro Area","8 - June 18-23, 2020",3390742,390738,57.8,5,5870232,"5,885,504"
"Detroit-Warren-Dearborn, MI Metro Area","8 - June 18-23, 2020",2166461,207384,58.3,4.3,3714345,"3,721,741"
"Houston-The Woodlands-Sugar Land, TX Metro Area","8 - June 18-23, 2020",3093338,374079,53.7,4.8,5760995,"5,776,875"
"Los Angeles-Long Beach-Anaheim, CA Metro Area","8 - June 18-23, 2020",5939728,439208,58.2,4.1,10203073,"10,265,915"
"Miami-Fort Lauderdale-Pompano Beach, FL Metro Area","8 - June 18-23, 2020",2746682,283036,62.7,4.4,4379176,"4,394,658"
"New York-Newark-Jersey City, NY-NJ-PA Metro Area","8 - June 18-23, 2020",7847760,567402,54.3,3.3,14463371,"14,574,230"
"Philadelphia-Camden-Wilmington, PA-NJ-DE-MD Metro Area","8 - June 18-23, 2020",2827278,370089,56.1,4.5,5038027,"5,045,198"
"Phoenix-Mesa-Chandler, AZ Metro Area","8 - June 18-23, 2020",1741389,148778,45.5,3.4,3825417,"3,833,985"
"Riverside-San Bernardino-Ontario, CA Metro Area","8 - June 18-23, 2020",2347343,356931,56.3,5.9,4167972,"4,174,788"
"San Francisco-Oakland-Berkeley, CA Metro Area","8 - June 18-23, 2020",1844426,301551,52.7,5,3500437,"3,507,547"
"Seattle-Tacoma-Bellevue, WA Metro Area","8 - June 18-23, 2020",1374103,140199,47.1,3.5,2915395,"2,916,323"
"Washington-Arlington-Alexandria, DC-VA-MD-WV Metro Area","8 - June 18-23, 2020",1990638,174144,43.2,2.8,4603544,"4,622,240"
"Source: U.S. Census Bureau, Household Pulse Survey",NA,NA,NA,NA,NA,NA,NA
"Adults in households where someone had a loss in employment income since March 13, 2020",NA,NA,NA,NA,NA,NA,NA
NA,NA,Total Loss of Employment Income,NA,Percent Loss of Employment Income,NA,NA,NA
Area,Week,Number,Margin of Error +/-,Percent,Percent Margin of Error +/-,Measure Universe,Total Population age 18+
United States,"9 - June 25-30, 2020",121735116,1423697,49.1,0.6,248145871,"249,170,916"
-> States,NA,NA,NA,NA,NA,NA,--
Alabama,"9 - June 25-30, 2020",1511934,140808,40.9,3.8,3695893,"3,717,378"
Alaska,"9 - June 25-30, 2020",248427,18954,47.5,3.6,523027,"524,925"
Arizona,"9 - June 25-30, 2020",2525519,217207,45.4,3.9,5567870,"5,597,268"
Arkansas,"9 - June 25-30, 2020",912177,85150,40.6,3.8,2244902,"2,246,527"
California,"9 - June 25-30, 2020",16184636,692116,54.1,2.3,29891164,"29,939,021"
Colorado,"9 - June 25-30, 2020",2064279,153011,46.6,3.4,4434327,"4,454,718"
Connecticut,"9 - June 25-30, 2020",1343684,99564,49.3,3.6,2724950,"2,732,423"
Delaware,"9 - June 25-30, 2020",300503,29130,40,3.9,752049,"754,637"
District of Columbia,"9 - June 25-30, 2020",196886,21234,36.7,3.9,536210,"542,635"
Florida,"9 - June 25-30, 2020",8596822,490426,50.5,2.9,17020651,"17,085,385"
Georgia,"9 - June 25-30, 2020",4138469,281575,52.2,3.5,7931136,"7,955,983"
Hawaii,"9 - June 25-30, 2020",560701,52638,52.5,4.9,1067001,"1,073,229"
Idaho,"9 - June 25-30, 2020",502696,56336,37.7,4.2,1334768,"1,343,198"
Illinois,"9 - June 25-30, 2020",4310133,284026,45.4,3,9495438,"9,546,424"
Indiana,"9 - June 25-30, 2020",2199339,153525,44,3,5002141,"5,015,550"
Iowa,"9 - June 25-30, 2020",982563,92446,42.2,4,2327729,"2,342,905"
Kansas,"9 - June 25-30, 2020",906614,66971,42.4,3.1,2139430,"2,140,957"
Kentucky,"9 - June 25-30, 2020",1678436,138390,50.3,4.1,3337690,"3,344,102"
Louisiana,"9 - June 25-30, 2020",1840172,127242,53.7,3.7,3427310,"3,431,432"
Maine,"9 - June 25-30, 2020",510395,57768,48,5.4,1063391,"1,065,620"
Maryland,"9 - June 25-30, 2020",2116676,167321,46.4,3.7,4565814,"4,586,920"
Massachusetts,"9 - June 25-30, 2020",2663383,180148,50.2,3.4,5306221,"5,324,065"
Michigan,"9 - June 25-30, 2020",4111883,300233,54,3.9,7612547,"7,644,458"
Minnesota,"9 - June 25-30, 2020",1933034,140013,45.7,3.3,4227908,"4,241,624"
Mississippi,"9 - June 25-30, 2020",1129624,104015,51.7,4.8,2186333,"2,189,670"
Missouri,"9 - June 25-30, 2020",2451663,149627,53.3,3.2,4599980,"4,617,880"
Montana,"9 - June 25-30, 2020",356234,39644,43.4,4.8,821348,"822,204"
Nebraska,"9 - June 25-30, 2020",507086,62742,35.8,4.4,1415248,"1,418,191"
Nevada,"9 - June 25-30, 2020",1454260,89812,60.8,3.8,2392679,"2,399,457"
New Hampshire,"9 - June 25-30, 2020",521034,43457,48.8,4,1068159,"1,073,014"
New Jersey,"9 - June 25-30, 2020",3550754,236432,53,3.5,6697014,"6,776,822"
New Mexico,"9 - June 25-30, 2020",665650,68503,42,4.3,1584532,"1,589,574"
New York,"9 - June 25-30, 2020",7980671,521554,54.1,3.5,14749416,"14,847,080"
North Carolina,"9 - June 25-30, 2020",3520230,263852,44.2,3.3,7964911,"8,017,566"
North Dakota,"9 - June 25-30, 2020",240862,28019,43.4,5,554674,"561,016"
Ohio,"9 - June 25-30, 2020",3878273,359083,44.4,4.1,8729253,"8,822,539"
Oklahoma,"9 - June 25-30, 2020",1294956,113185,44.4,3.9,2913767,"2,916,436"
Oregon,"9 - June 25-30, 2020",1456984,124298,44.4,3.8,3282773,"3,302,727"
Pennsylvania,"9 - June 25-30, 2020",4814344,361996,49.4,3.7,9751033,"9,776,154"
Rhode Island,"9 - June 25-30, 2020",388797,31737,47.7,3.9,814824,"817,559"
South Carolina,"9 - June 25-30, 2020",1693175,128870,42.8,3.3,3952363,"3,969,123"
South Dakota,"9 - June 25-30, 2020",229336,29288,35.9,4.6,639682,"642,658"
Tennessee,"9 - June 25-30, 2020",2497947,167846,47.9,3.2,5211678,"5,221,475"
Texas,"9 - June 25-30, 2020",11438080,437081,53.7,2.1,21295474,"21,356,906"
Utah,"9 - June 25-30, 2020",995295,73763,43.8,3.2,2270604,"2,281,207"
Vermont,"9 - June 25-30, 2020",245105,25415,50.6,5.2,484590,"485,485"
Virginia,"9 - June 25-30, 2020",2807514,201588,43.4,3.1,6462174,"6,472,737"
Washington,"9 - June 25-30, 2020",2674421,180990,45.5,3.1,5873570,"5,890,357"
West Virginia,"9 - June 25-30, 2020",609216,65468,44.3,4.8,1376056,"1,379,576"
Wisconsin,"9 - June 25-30, 2020",1829981,196388,41.6,4.5,4397008,"4,438,719"
Wyoming,"9 - June 25-30, 2020",164264,15415,38.5,3.7,427162,"433,400"
-> Metro Areas,NA,NA,NA,NA,NA,NA,--
"Atlanta-Sandy Springs-Alpharetta, GA Metro Area","9 - June 25-30, 2020",2409033,275766,50.7,4.5,4751528,"4,760,451"
"Boston-Cambridge-Newton, MA-NH Metro Area","9 - June 25-30, 2020",1762635,179985,47.1,3.9,3739740,"3,757,676"
"Chicago-Naperville-Elgin, IL-IN-WI Metro Area","9 - June 25-30, 2020",3446326,277580,48,3.2,7176582,"7,218,480"
"Dallas-Fort Worth-Arlington, TX Metro Area","9 - June 25-30, 2020",2670034,245472,48.9,3.8,5457535,"5,470,197"
"Detroit-Warren-Dearborn, MI Metro Area","9 - June 25-30, 2020",2260427,265356,58.7,4.6,3854068,"3,856,313"
"Houston-The Woodlands-Sugar Land, TX Metro Area","9 - June 25-30, 2020",3641199,411762,63.7,3.5,5719778,"5,731,397"
"Los Angeles-Long Beach-Anaheim, CA Metro Area","9 - June 25-30, 2020",6000960,568825,58.4,3.6,10268764,"10,278,916"
"Miami-Fort Lauderdale-Pompano Beach, FL Metro Area","9 - June 25-30, 2020",2943609,324483,60.5,5,4866723,"4,892,933"
"New York-Newark-Jersey City, NY-NJ-PA Metro Area","9 - June 25-30, 2020",7990449,598622,58.3,3.2,13705487,"13,838,022"
"Philadelphia-Camden-Wilmington, PA-NJ-DE-MD Metro Area","9 - June 25-30, 2020",2680878,290915,50.3,4.8,5327764,"5,373,340"
"Phoenix-Mesa-Chandler, AZ Metro Area","9 - June 25-30, 2020",1923015,223028,48.3,4.8,3980398,"4,004,624"
"Riverside-San Bernardino-Ontario, CA Metro Area","9 - June 25-30, 2020",2184168,246868,54.7,4.5,3992659,"3,998,786"
"San Francisco-Oakland-Berkeley, CA Metro Area","9 - June 25-30, 2020",1858057,338109,49.3,6,3768329,"3,786,897"
"Seattle-Tacoma-Bellevue, WA Metro Area","9 - June 25-30, 2020",1394918,128040,44.1,3.6,3165726,"3,179,111"
"Washington-Arlington-Alexandria, DC-VA-MD-WV Metro Area","9 - June 25-30, 2020",1852368,142787,40.3,2.8,4600387,"4,633,575"
"Source: U.S. Census Bureau, Household Pulse Survey",NA,NA,NA,NA,NA,NA,NA
"Adults in households where someone had a loss in employment income since March 13, 2020",NA,NA,NA,NA,NA,NA,NA
NA,NA,Total Loss of Employment Income,NA,Percent Loss of Employment Income,NA,NA,NA
Area,Week,Number,Margin of Error +/-,Percent,Percent Margin of Error +/-,Measure Universe,Total Population age 18+
United States,"10 - July 2-7, 2020",123605981,1311531,49.9,0.5,247892900,"249,170,916"
-> States,NA,NA,NA,NA,NA,NA,--
Alabama,"10 - July 2-7, 2020",1789599,135152,48.3,3.6,3707471,"3,717,378"
Alaska,"10 - July 2-7, 2020",240302,19438,45.9,3.7,523994,"524,925"
Arizona,"10 - July 2-7, 2020",2424713,169350,43.5,3,5570430,"5,597,268"
Arkansas,"10 - July 2-7, 2020",915556,74793,40.8,3.3,2242068,"2,246,527"
California,"10 - July 2-7, 2020",17155336,589744,57.5,2,29850746,"29,939,021"
Colorado,"10 - July 2-7, 2020",2311968,130516,52.2,2.9,4427609,"4,454,718"
Connecticut,"10 - July 2-7, 2020",1439158,88068,52.8,3.2,2726391,"2,732,423"
Delaware,"10 - July 2-7, 2020",324476,33499,43.1,4.5,752545,"754,637"
District of Columbia,"10 - July 2-7, 2020",187613,23133,34.6,4.3,541849,"542,635"
Florida,"10 - July 2-7, 2020",8488331,483041,49.8,2.8,17041590,"17,085,385"
Georgia,"10 - July 2-7, 2020",4090532,286455,51.5,3.6,7946382,"7,955,983"
Hawaii,"10 - July 2-7, 2020",650712,44467,61.6,4,1057191,"1,073,229"
Idaho,"10 - July 2-7, 2020",528668,44307,39.4,3.3,1340125,"1,343,198"
Illinois,"10 - July 2-7, 2020",4125258,304362,43.3,3.2,9523202,"9,546,424"
Indiana,"10 - July 2-7, 2020",2406743,160944,48.1,3.2,5006834,"5,015,550"
Iowa,"10 - July 2-7, 2020",911819,86900,39,3.7,2336243,"2,342,905"
Kansas,"10 - July 2-7, 2020",867355,76604,40.7,3.6,2130512,"2,140,957"
Kentucky,"10 - July 2-7, 2020",1496311,104157,44.9,3.1,3329703,"3,344,102"
Louisiana,"10 - July 2-7, 2020",1830336,104544,53.8,3.1,3403977,"3,431,432"
Maine,"10 - July 2-7, 2020",508902,49964,48,4.7,1060104,"1,065,620"
Maryland,"10 - July 2-7, 2020",2336828,145412,51,3.2,4577958,"4,586,920"
Massachusetts,"10 - July 2-7, 2020",2612655,187414,49.3,3.5,5295779,"5,324,065"
Michigan,"10 - July 2-7, 2020",3977977,202350,52.2,2.6,7617016,"7,644,458"
Minnesota,"10 - July 2-7, 2020",1832406,126802,43.4,3,4225978,"4,241,624"
Mississippi,"10 - July 2-7, 2020",1032789,99069,47.3,4.5,2181445,"2,189,670"
Missouri,"10 - July 2-7, 2020",2311384,171497,50.4,3.7,4589723,"4,617,880"
Montana,"10 - July 2-7, 2020",346374,42779,42.3,5.2,819535,"822,204"
Nebraska,"10 - July 2-7, 2020",568717,50698,40.1,3.6,1417795,"1,418,191"
Nevada,"10 - July 2-7, 2020",1424719,86818,59.7,3.7,2388143,"2,399,457"
New Hampshire,"10 - July 2-7, 2020",530920,40388,49.6,3.8,1070279,"1,073,014"
New Jersey,"10 - July 2-7, 2020",3544761,259130,53,3.8,6690894,"6,776,822"
New Mexico,"10 - July 2-7, 2020",675910,66021,43,4,1571955,"1,589,574"
New York,"10 - July 2-7, 2020",8520617,400395,58.2,2.6,14641714,"14,847,080"
North Carolina,"10 - July 2-7, 2020",3832842,256540,48,3.2,7991642,"8,017,566"
North Dakota,"10 - July 2-7, 2020",200671,30926,36.1,5.5,555183,"561,016"
Ohio,"10 - July 2-7, 2020",3984605,427393,45.5,5,8751868,"8,822,539"
Oklahoma,"10 - July 2-7, 2020",1259374,109319,43.3,3.8,2909814,"2,916,436"
Oregon,"10 - July 2-7, 2020",1673363,94473,50.8,2.9,3291520,"3,302,727"
Pennsylvania,"10 - July 2-7, 2020",4877499,276804,50,2.8,9763857,"9,776,154"
Rhode Island,"10 - July 2-7, 2020",403093,30114,49.5,3.7,814327,"817,559"
South Carolina,"10 - July 2-7, 2020",1774463,144544,45.1,3.7,3932959,"3,969,123"
South Dakota,"10 - July 2-7, 2020",270238,28440,42.1,4.4,641261,"642,658"
Tennessee,"10 - July 2-7, 2020",2605244,178646,50.3,3.4,5181865,"5,221,475"
Texas,"10 - July 2-7, 2020",10767993,479359,50.9,2.3,21148581,"21,356,906"
Utah,"10 - July 2-7, 2020",992364,75783,43.7,3.3,2272695,"2,281,207"
Vermont,"10 - July 2-7, 2020",225759,23827,46.6,4.9,484890,"485,485"
Virginia,"10 - July 2-7, 2020",2724857,224382,42.2,3.5,6464262,"6,472,737"
Washington,"10 - July 2-7, 2020",2677224,210608,45.8,3.5,5847006,"5,890,357"
West Virginia,"10 - July 2-7, 2020",575052,58911,41.9,4.3,1373591,"1,379,576"
Wisconsin,"10 - July 2-7, 2020",2155258,174603,48.6,3.9,4430283,"4,438,719"
Wyoming,"10 - July 2-7, 2020",196339,22022,45.6,5,430116,"433,400"
-> Metro Areas,NA,NA,NA,NA,NA,NA,--
"Atlanta-Sandy Springs-Alpharetta, GA Metro Area","10 - July 2-7, 2020",2512458,251284,56.1,3.9,4479140,"4,486,856"
"Boston-Cambridge-Newton, MA-NH Metro Area","10 - July 2-7, 2020",1890609,171229,50.7,3.4,3726363,"3,749,859"
"Chicago-Naperville-Elgin, IL-IN-WI Metro Area","10 - July 2-7, 2020",3211901,235053,45.2,3.1,7105472,"7,129,021"
"Dallas-Fort Worth-Arlington, TX Metro Area","10 - July 2-7, 2020",2683710,292249,47.9,4.3,5596967,"5,624,356"
"Detroit-Warren-Dearborn, MI Metro Area","10 - July 2-7, 2020",1955146,193431,52.6,4,3716552,"3,731,690"
"Houston-The Woodlands-Sugar Land, TX Metro Area","10 - July 2-7, 2020",2941151,299765,55.8,3.9,5273072,"5,350,395"
"Los Angeles-Long Beach-Anaheim, CA Metro Area","10 - July 2-7, 2020",6135376,518095,59.4,3.2,10327869,"10,385,710"
"Miami-Fort Lauderdale-Pompano Beach, FL Metro Area","10 - July 2-7, 2020",2843048,273278,57.3,4.3,4964188,"4,984,689"
"New York-Newark-Jersey City, NY-NJ-PA Metro Area","10 - July 2-7, 2020",8189005,572048,59.1,2.8,13867246,"14,044,650"
"Philadelphia-Camden-Wilmington, PA-NJ-DE-MD Metro Area","10 - July 2-7, 2020",2684501,205257,51.9,3.7,5176517,"5,185,856"
"Phoenix-Mesa-Chandler, AZ Metro Area","10 - July 2-7, 2020",1798722,186297,45.9,3.5,3920752,"3,946,477"
"Riverside-San Bernardino-Ontario, CA Metro Area","10 - July 2-7, 2020",2502661,346547,59.7,5,4190084,"4,201,530"
"San Francisco-Oakland-Berkeley, CA Metro Area","10 - July 2-7, 2020",1623787,228521,47,4.9,3456536,"3,460,016"
"Seattle-Tacoma-Bellevue, WA Metro Area","10 - July 2-7, 2020",1462947,136114,45.8,3.6,3195885,"3,238,953"
"Washington-Arlington-Alexandria, DC-VA-MD-WV Metro Area","10 - July 2-7, 2020",2137917,218634,45.3,3,4719086,"4,735,225"
"Source: U.S. Census Bureau, Household Pulse Survey",NA,NA,NA,NA,NA,NA,NA
"Adults in households where someone had a loss in employment income since March 13, 2020",NA,NA,NA,NA,NA,NA,NA
NA,NA,Total Loss of Employment Income,NA,Percent Loss of Employment Income,NA,NA,NA
Area,Week,Number,Margin of Error +/-,Percent,Percent Margin of Error +/-,Measure Universe,Total Population age 18+
United States,"11 - July 9-14, 2020",124268411,1700106,50.1,0.7,248021660,"249,170,916"
-> States,NA,NA,NA,NA,NA,NA,--
Alabama,"11 - July 9-14, 2020",1618864,116843,43.8,3.2,3693707,"3,717,378"
Alaska,"11 - July 9-14, 2020",236822,20985,45.2,4.1,523412,"524,925"
Arizona,"11 - July 9-14, 2020",2677233,153592,48.3,2.8,5548095,"5,597,268"
Arkansas,"11 - July 9-14, 2020",1022146,76206,45.9,3.4,2228007,"2,246,527"
California,"11 - July 9-14, 2020",17580900,626802,58.9,2.1,29827159,"29,939,021"
Colorado,"11 - July 9-14, 2020",2072780,132954,46.8,3,4431152,"4,454,718"
Connecticut,"11 - July 9-14, 2020",1379934,112732,50.8,4.1,2713866,"2,732,423"
Delaware,"11 - July 9-14, 2020",360472,35137,47.8,4.7,753433,"754,637"
District of Columbia,"11 - July 9-14, 2020",176201,23577,32.8,4.4,536908,"542,635"
Florida,"11 - July 9-14, 2020",8358071,474907,49,2.8,17059230,"17,085,385"
Georgia,"11 - July 9-14, 2020",3923719,266409,49.6,3.3,7916295,"7,955,983"
Hawaii,"11 - July 9-14, 2020",640664,44026,59.8,4.1,1071105,"1,073,229"
Idaho,"11 - July 9-14, 2020",556145,50725,41.7,3.9,1334211,"1,343,198"
Illinois,"11 - July 9-14, 2020",4584313,333122,48.2,3.5,9516950,"9,546,424"
Indiana,"11 - July 9-14, 2020",2381443,196616,47.7,3.9,4993720,"5,015,550"
Iowa,"11 - July 9-14, 2020",913711,85211,39.1,3.6,2337005,"2,342,905"
Kansas,"11 - July 9-14, 2020",914421,87296,42.8,4.1,2135591,"2,140,957"
Kentucky,"11 - July 9-14, 2020",1441986,125562,43.2,3.7,3335154,"3,344,102"
Louisiana,"11 - July 9-14, 2020",1727740,102795,50.5,3,3421363,"3,431,432"
Maine,"11 - July 9-14, 2020",477419,48229,45,4.6,1060843,"1,065,620"
Maryland,"11 - July 9-14, 2020",2224659,163364,48.8,3.5,4557039,"4,586,920"
Massachusetts,"11 - July 9-14, 2020",2768890,193737,52.1,3.6,5315879,"5,324,065"
Michigan,"11 - July 9-14, 2020",4168204,281818,54.7,3.7,7621065,"7,644,458"
Minnesota,"11 - July 9-14, 2020",1968243,125106,46.5,3,4231784,"4,241,624"
Mississippi,"11 - July 9-14, 2020",1173619,82694,53.9,3.8,2177646,"2,189,670"
Missouri,"11 - July 9-14, 2020",2177043,144315,47.4,3.1,4592351,"4,617,880"
Montana,"11 - July 9-14, 2020",347567,30891,42.4,3.8,819006,"822,204"
Nebraska,"11 - July 9-14, 2020",523823,55974,36.9,3.9,1417664,"1,418,191"
Nevada,"11 - July 9-14, 2020",1453712,94609,60.8,4,2392075,"2,399,457"
New Hampshire,"11 - July 9-14, 2020",516863,55488,48.2,5.2,1071221,"1,073,014"
New Jersey,"11 - July 9-14, 2020",3453375,261132,51.4,3.9,6713126,"6,776,822"
New Mexico,"11 - July 9-14, 2020",771269,61421,48.6,3.9,1585851,"1,589,574"
New York,"11 - July 9-14, 2020",8648931,540724,58.7,3.7,14723477,"14,847,080"
North Carolina,"11 - July 9-14, 2020",3412124,244885,42.7,3.1,7993089,"8,017,566"
North Dakota,"11 - July 9-14, 2020",229701,27494,41.1,4.9,559434,"561,016"
Ohio,"11 - July 9-14, 2020",4423432,289335,50.9,3.2,8694222,"8,822,539"
Oklahoma,"11 - July 9-14, 2020",1182230,111249,40.6,3.8,2909161,"2,916,436"
Oregon,"11 - July 9-14, 2020",1634720,101180,49.5,3.1,3299805,"3,302,727"
Pennsylvania,"11 - July 9-14, 2020",4830993,297025,49.6,3,9734292,"9,776,154"
Rhode Island,"11 - July 9-14, 2020",482639,40770,59.3,4.9,813409,"817,559"
South Carolina,"11 - July 9-14, 2020",1860000,163782,47,4.1,3959929,"3,969,123"
South Dakota,"11 - July 9-14, 2020",259942,32526,40.7,5.1,638258,"642,658"
Tennessee,"11 - July 9-14, 2020",2383949,208850,45.7,4,5213070,"5,221,475"
Texas,"11 - July 9-14, 2020",10648503,566337,50,2.7,21294201,"21,356,906"
Utah,"11 - July 9-14, 2020",1016165,92620,44.7,4,2273931,"2,281,207"
Vermont,"11 - July 9-14, 2020",222666,28003,45.9,5.8,484587,"485,485"
Virginia,"11 - July 9-14, 2020",2709190,220009,42.3,3.4,6403126,"6,472,737"
Washington,"11 - July 9-14, 2020",2825915,171899,48.1,2.9,5871237,"5,890,357"
West Virginia,"11 - July 9-14, 2020",670881,66298,48.7,4.8,1376845,"1,379,576"
Wisconsin,"11 - July 9-14, 2020",2062203,172181,46.7,3.9,4419447,"4,438,719"
Wyoming,"11 - July 9-14, 2020",171976,19874,40.2,4.7,428225,"433,400"
-> Metro Areas,NA,NA,NA,NA,NA,NA,--
"Atlanta-Sandy Springs-Alpharetta, GA Metro Area","11 - July 9-14, 2020",2283419,220053,51.2,3.3,4460444,"4,474,973"
"Boston-Cambridge-Newton, MA-NH Metro Area","11 - July 9-14, 2020",2061859,211675,54.8,4.4,3763835,"3,771,315"
"Chicago-Naperville-Elgin, IL-IN-WI Metro Area","11 - July 9-14, 2020",3741972,284762,52.7,3.7,7105973,"7,128,595"
"Dallas-Fort Worth-Arlington, TX Metro Area","11 - July 9-14, 2020",3019269,417378,50.3,5.6,6000797,"6,013,109"
"Detroit-Warren-Dearborn, MI Metro Area","11 - July 9-14, 2020",2251681,244480,59,5.2,3814427,"3,832,309"
"Houston-The Woodlands-Sugar Land, TX Metro Area","11 - July 9-14, 2020",3397233,391854,60.6,4.5,5604921,"5,644,640"
"Los Angeles-Long Beach-Anaheim, CA Metro Area","11 - July 9-14, 2020",6166781,506751,64.8,3.9,9519700,"9,560,179"
"Miami-Fort Lauderdale-Pompano Beach, FL Metro Area","11 - July 9-14, 2020",2599745,315594,56.1,4.3,4631394,"4,653,519"
"New York-Newark-Jersey City, NY-NJ-PA Metro Area","11 - July 9-14, 2020",7973195,565119,57.3,3.1,13917860,"14,089,062"
"Philadelphia-Camden-Wilmington, PA-NJ-DE-MD Metro Area","11 - July 9-14, 2020",2569892,273561,50.7,5.1,5067251,"5,092,650"
"Phoenix-Mesa-Chandler, AZ Metro Area","11 - July 9-14, 2020",1937566,179791,49.4,3.4,3919123,"3,962,617"
"Riverside-San Bernardino-Ontario, CA Metro Area","11 - July 9-14, 2020",2602657,387949,59,5.8,4409451,"4,433,840"
"San Francisco-Oakland-Berkeley, CA Metro Area","11 - July 9-14, 2020",1939867,306223,55.3,5,3505681,"3,515,749"
"Seattle-Tacoma-Bellevue, WA Metro Area","11 - July 9-14, 2020",1553167,135872,49.2,3.6,3156544,"3,165,001"
"Washington-Arlington-Alexandria, DC-VA-MD-WV Metro Area","11 - July 9-14, 2020",2039615,188211,45.7,3,4465416,"4,520,997"
"Source: U.S. Census Bureau, Household Pulse Survey",NA,NA,NA,NA,NA,NA,NA
"Adults in households where someone had a loss in employment income since March 13, 2020",NA,NA,NA,NA,NA,NA,NA
NA,NA,Total Loss of Employment Income,NA,Percent Loss of Employment Income,NA,NA,NA
Area,Week,Number,Margin of Error +/-,Percent,Percent Margin of Error +/-,Measure Universe,Total Population age 18+
United States,"12 - July 16-21, 2020",126554411,1457948,51.1,0.6,247855856,"249,170,916"
-> States,NA,NA,NA,NA,NA,NA,--
Alabama,"12 - July 16-21, 2020",1689166,149103,45.8,4.1,3686297,"3,717,378"
Alaska,"12 - July 16-21, 2020",256356,20925,49.1,4,522612,"524,925"
Arizona,"12 - July 16-21, 2020",2841364,193646,51.2,3.4,5551517,"5,597,268"
Arkansas,"12 - July 16-21, 2020",980085,94012,43.8,4.2,2239763,"2,246,527"
California,"12 - July 16-21, 2020",17489568,529057,58.6,1.8,29862562,"29,939,021"
Colorado,"12 - July 16-21, 2020",2104083,152662,47.3,3.4,4446157,"4,454,718"
Connecticut,"12 - July 16-21, 2020",1329415,99349,48.8,3.6,2726608,"2,732,423"
Delaware,"12 - July 16-21, 2020",366233,34566,49.1,4.6,745704,"754,637"
District of Columbia,"12 - July 16-21, 2020",202290,22331,37.3,4.1,542535,"542,635"
Florida,"12 - July 16-21, 2020",8699638,502099,51.2,2.9,16990634,"17,085,385"
Georgia,"12 - July 16-21, 2020",3532408,271412,44.8,3.4,7892553,"7,955,983"
Hawaii,"12 - July 16-21, 2020",594789,53462,55.8,5,1065935,"1,073,229"
Idaho,"12 - July 16-21, 2020",567330,51943,42.3,3.9,1341100,"1,343,198"
Illinois,"12 - July 16-21, 2020",4979668,299324,52.5,3.1,9489503,"9,546,424"
Indiana,"12 - July 16-21, 2020",2527838,220508,50.5,4.4,5006908,"5,015,550"
Iowa,"12 - July 16-21, 2020",932859,103319,39.9,4.4,2339008,"2,342,905"
Kansas,"12 - July 16-21, 2020",975587,93739,45.8,4.3,2132417,"2,140,957"
Kentucky,"12 - July 16-21, 2020",1613269,170789,48.4,5.1,3335341,"3,344,102"
Louisiana,"12 - July 16-21, 2020",1865288,163091,54.6,4.7,3415597,"3,431,432"
Maine,"12 - July 16-21, 2020",496415,53236,46.9,5,1059152,"1,065,620"
Maryland,"12 - July 16-21, 2020",2232372,189754,49.1,4.1,4547344,"4,586,920"
Massachusetts,"12 - July 16-21, 2020",2707677,210246,51.4,4.1,5269935,"5,324,065"
Michigan,"12 - July 16-21, 2020",4238259,224209,56,3,7571211,"7,644,458"
Minnesota,"12 - July 16-21, 2020",2082627,145277,49.3,3.5,4221457,"4,241,624"
Mississippi,"12 - July 16-21, 2020",1227535,85740,56.2,3.9,2184207,"2,189,670"
Missouri,"12 - July 16-21, 2020",2176367,161077,47.3,3.5,4606002,"4,617,880"
Montana,"12 - July 16-21, 2020",418015,35494,50.9,4.3,820778,"822,204"
Nebraska,"12 - July 16-21, 2020",538990,57755,38,4.1,1417312,"1,418,191"
Nevada,"12 - July 16-21, 2020",1567721,79092,65.6,3.3,2388174,"2,399,457"
New Hampshire,"12 - July 16-21, 2020",498741,46991,46.5,4.4,1072792,"1,073,014"
New Jersey,"12 - July 16-21, 2020",3724695,274776,55.4,4.1,6725699,"6,776,822"
New Mexico,"12 - July 16-21, 2020",767252,78496,48.5,4.9,1581797,"1,589,574"
New York,"12 - July 16-21, 2020",8544159,454384,58.1,3.1,14710546,"14,847,080"
North Carolina,"12 - July 16-21, 2020",3659128,288904,45.7,3.6,8004822,"8,017,566"
North Dakota,"12 - July 16-21, 2020",211682,26275,38.1,4.8,555947,"561,016"
Ohio,"12 - July 16-21, 2020",4154700,367058,47.7,4,8717481,"8,822,539"
Oklahoma,"12 - July 16-21, 2020",1330910,83669,45.8,2.9,2907537,"2,916,436"
Oregon,"12 - July 16-21, 2020",1721403,124228,52.4,3.8,3285397,"3,302,727"
Pennsylvania,"12 - July 16-21, 2020",4667236,284460,48.1,3,9701869,"9,776,154"
Rhode Island,"12 - July 16-21, 2020",434586,29601,54,3.7,805378,"817,559"
South Carolina,"12 - July 16-21, 2020",1810156,158120,45.7,4,3958470,"3,969,123"
South Dakota,"12 - July 16-21, 2020",257975,29301,40.3,4.6,640905,"642,658"
Tennessee,"12 - July 16-21, 2020",2346152,201441,45,3.9,5209320,"5,221,475"
Texas,"12 - July 16-21, 2020",11384721,463372,53.5,2.2,21272209,"21,356,906"
Utah,"12 - July 16-21, 2020",925003,81054,40.7,3.6,2273462,"2,281,207"
Vermont,"12 - July 16-21, 2020",232417,25608,48.1,5.3,483643,"485,485"
Virginia,"12 - July 16-21, 2020",2672318,196090,41.4,3,6451397,"6,472,737"
Washington,"12 - July 16-21, 2020",2982260,191432,50.9,3.3,5859508,"5,890,357"
West Virginia,"12 - July 16-21, 2020",624229,87459,45.5,6.4,1372178,"1,379,576"
Wisconsin,"12 - July 16-21, 2020",2167178,148570,49.1,3.4,4415587,"4,438,719"
Wyoming,"12 - July 16-21, 2020",204297,21662,47.3,5,431589,"433,400"
-> Metro Areas,NA,NA,NA,NA,NA,NA,--
"Atlanta-Sandy Springs-Alpharetta, GA Metro Area","12 - July 16-21, 2020",2242745,208766,46,3.9,4877676,"4,931,998"
"Boston-Cambridge-Newton, MA-NH Metro Area","12 - July 16-21, 2020",1917432,209032,52.1,4.6,3679999,"3,694,650"
"Chicago-Naperville-Elgin, IL-IN-WI Metro Area","12 - July 16-21, 2020",3909749,319828,57.1,3.8,6845088,"6,884,718"
"Dallas-Fort Worth-Arlington, TX Metro Area","12 - July 16-21, 2020",3002219,283148,56.3,4.2,5336510,"5,345,741"
"Detroit-Warren-Dearborn, MI Metro Area","12 - July 16-21, 2020",2173444,196998,60.3,4.6,3606999,"3,625,024"
"Houston-The Woodlands-Sugar Land, TX Metro Area","12 - July 16-21, 2020",3687668,359235,59.2,4.6,6224748,"6,265,632"
"Los Angeles-Long Beach-Anaheim, CA Metro Area","12 - July 16-21, 2020",6813877,600438,66,3.7,10323433,"10,362,065"
"Miami-Fort Lauderdale-Pompano Beach, FL Metro Area","12 - July 16-21, 2020",2560878,286200,56.6,4.7,4525232,"4,554,479"
"New York-Newark-Jersey City, NY-NJ-PA Metro Area","12 - July 16-21, 2020",8786098,663621,59.6,3.6,14752291,"14,908,570"
"Philadelphia-Camden-Wilmington, PA-NJ-DE-MD Metro Area","12 - July 16-21, 2020",2418533,258395,49.2,4.3,4916473,"4,966,808"
"Phoenix-Mesa-Chandler, AZ Metro Area","12 - July 16-21, 2020",2100169,191572,52.3,4,4012701,"4,051,740"
"Riverside-San Bernardino-Ontario, CA Metro Area","12 - July 16-21, 2020",2547701,385797,60.2,4.9,4235450,"4,240,997"
"San Francisco-Oakland-Berkeley, CA Metro Area","12 - July 16-21, 2020",1767281,286849,50.1,3.9,3529627,"3,540,050"
"Seattle-Tacoma-Bellevue, WA Metro Area","12 - July 16-21, 2020",1548914,161433,49.9,4.1,3104166,"3,119,664"
"Washington-Arlington-Alexandria, DC-VA-MD-WV Metro Area","12 - July 16-21, 2020",2007450,174968,44.1,3.5,4551743,"4,573,830"
"Source: U.S. Census Bureau, Household Pulse Survey",NA,NA,NA,NA,NA,NA,NA
